ALK-p.G1202R;.-ALK-乳头肿瘤,has_var,ALK-p.G1202R
ALK-p.V1180L;.-ALK-肺涎腺型肿瘤,sensitivity_to,布格替尼
家族性脑海绵状血管瘤,develop_to,血管瘤
CSF1R-p.Y546_K551del-腺样囊性癌,originated_from,腺样囊性癌
FGFR2-CLIP1-T淋巴细胞白血病/淋巴瘤,has_var,FGFR2-CLIP1
纳武利尤单抗,treatment,肾细胞癌
ERBB2-Amp;ERBB2-p.E401G-甲状腺癌,has_var,ERBB2-p.E401G
EGFR-p.E709_T710delinsD-肺透明细胞癌,sensitivity_to,达可替尼
阿替利珠单抗,treatment,肝细胞癌
ALK-p.I1171T-分化差的非小细胞肺癌,has_var,ALK-p.I1171T
EGFR-p.T790M-肺淋巴上皮瘤样癌,has_var,EGFR-p.T790M
NCT00098527,include_a,食管腺癌
belvarafenib,inhibition_to,BRAF
长春地辛,treatment,乳腺癌
JAK2-p.V617F-子宫内膜癌,has_var,JAK2-p.V617F
肿瘤易感综合征,develop_to,间皮瘤
PDGFRA-p.W559_R560del-十二指肠间质瘤,has_var,PDGFRA-p.W559_R560del
taletrectinib,inhibition_to,NTRK1
MAP2K1-p.Q56_V60del-卵巢癌,has_var,MAP2K1-p.Q56_V60del
FBXW7,driving_to,髓母细胞瘤
PIK3CA-p.W1051*-子宫癌肉瘤/子宫恶性苗勒氏管混合瘤,has_var,PIK3CA-p.W1051*
FGFR3-TACC3-盆腔肿瘤,originated_from,盆腔肿瘤
agerafenib,inhibition_to,RET
CTR20212588,include_a,胰腺癌
ZFHX3-p.A2624V,has_gene,ZFHX3
EGFR-p.T790M-肺透明细胞癌,has_var,EGFR-p.T790M
ALK-p.G1269A;.-ALK-小细胞肺癌,sensitivity_to,阿来替尼
PGR-High_exp;BRAF-p.T599K;ERBB2-High_exp-乳腺癌(HR阳性，HER2阳性),originated_from,(HR阳性，HER2阳性)
ALK-p.I1171T-巨细胞肺癌,resistance_to,阿来替尼
BRAF-p.G469R-非小细胞肺癌,sensitivity_to,索拉非尼
EGFR806-specific CAR T cells,inhibition_to,EGFR
TP53-inact-Brenner肿瘤，良性,sensitivity_to,APR-246
BRAF,driving_to,乳头状肾细胞癌
AIRE-p.S195P,has_gene,AIRE
帕博利珠单抗,treatment,宫颈癌
FGFR3-TACC3-腺泡状横纹肌肉瘤,originated_from,腺泡状横纹肌肉瘤
PDGFRA-p.N659K-子宫平滑肌肉瘤,originated_from,子宫平滑肌肉瘤
EGFR-p.S768I;EGFR-p.V774M-肺透明细胞癌,has_var,EGFR-p.S768I
FGFR2-SKI-炎性肌纤维母细胞瘤,has_var,FGFR2-SKI
FGFR2-p.E566G-胰腺囊性肿瘤,originated_from,胰腺囊性肿瘤
EGFR-p.E709A;EGFR-p.G719A-肺梭形细胞癌,sensitivity_to,阿法替尼
EGFR-p.T790M-鳞状非小细胞肺癌,sensitivity_to,U3-1402
BRAF-p.T599K-乳腺腺样囊性癌,originated_from,乳腺腺样囊性癌
PIK3CA-p.W1051*-混合型子宫内膜癌,has_var,PIK3CA-p.W1051*
EGFR-p.S768I;EGFR-p.V774M-肺梭形细胞癌,has_var,EGFR-p.V774M
E7766,activation_to,TMEM173
BRAF,positive_regulated,MAP2K2
FGFR1-p.K632N,has_gene,FGFR1
FGFR2-p.E566G-胸膜癌,has_var,FGFR2-p.E566G
CHEK2,cause_to,家族聚集性骨肉瘤
博来霉素,treatment,霍奇金淋巴瘤
CTR20130061,include_a,胰腺癌
长春碱,treatment,淋巴瘤
ALK-p.I1171T-大细胞肺癌,resistance_to,阿来替尼
ALK-p.V1180L;.-ALK-肺淋巴上皮瘤样癌,sensitivity_to,布格替尼
FGFR3-TACC3-胰腺神经内分泌瘤,originated_from,胰腺神经内分泌瘤
AT9283,inhibition_to,ABL1
ERBB2-Amp;ERBB2-p.E401G-腺样囊性癌,has_var,ERBB2-p.E401G
PDGFRA-p.N659K-原发性骨髓纤维化,originated_from,原发性骨髓纤维化
EGFR-p.L833V;EGFR-p.L858R-肺癌,has_var,EGFR-p.L858R
BRAF-p.V600M;BRAF-p.V600E-恶性雀斑样痣黑色素瘤,sensitivity_to,达拉非尼
MET-p.D1230N-原发性骨髓纤维化,originated_from,原发性骨髓纤维化
CSF1R-p.M804I,has_gene,CSF1R
EGFR-p.E746_L747delinsIP;EGFR-p.S1190F-非小细胞肺癌,has_var,EGFR-p.E746_L747delinsIP
BRAF-p.Y472C-非粘液性肺腺癌,sensitivity_to,达沙替尼
BRAF-p.V600E-组织细胞和树突状细胞肿瘤,sensitivity_to,维莫非尼
ALK-p.L1196M;.-ALK-炎性肌纤维母细胞瘤,has_var,.-ALK
.-FGFR1-血管瘤样纤维组织细胞瘤,has_var,.-FGFR1
EGFR-p.L833V;EGFR-p.L858R-非小细胞肺癌,has_var,EGFR-p.L833V
vismodegib,inhibition_to,SHH
CTR20221165,include_a,非小细胞肺癌
FGFR2-TACC3-炎性肌纤维母细胞瘤,originated_from,炎性肌纤维母细胞瘤
ERBB2-p.D769Y-食管/胃癌,has_var,ERBB2-p.D769Y
ALK-p.G1269A;.-ALK-肺鳞状细胞癌,sensitivity_to,阿来替尼
MET-skipping_mut;MET-p.D1228N-乳头肿瘤,originated_from,乳头肿瘤
GDC0879,inhibition_to,BRAF
CTR20190293,include_a,肝癌
testolactone,treatment,乳腺癌
MAP2K1-p.C121S;BRAF-p.V600E-黑色素瘤,originated_from,黑色素瘤
EGFR-p.V834L;EGFR-p.L858R-肺横纹肌样表型大细胞癌,has_var,EGFR-p.V834L
ALK-p.L1196M;.-ALK-乳腺癌,has_var,ALK-p.L1196M
cabozantinib,inhibition_to,RET
PTPRD-p.M605I,has_gene,PTPRD
FLT3,driving_to,急性髓系白血病(AML)
BRAF-p.G606E-鞍区肿瘤,has_var,BRAF-p.G606E
ALK-p.G1269A;.-ALK-肺NUT中线癌,sensitivity_to,阿来替尼
MET-p.D1230N-胸壁肿瘤,originated_from,胸壁肿瘤
BRAF,driving_to,低级别神经胶质瘤
长春地辛,treatment,淋巴瘤
ALK-p.L1196M;.-ALK-肺淋巴上皮瘤样癌,originated_from,肺淋巴上皮瘤样癌
MET-p.D1230N-巨球蛋白血症(WM),originated_from,巨球蛋白血症(WM)
FGFR2-act-肝外胆管癌,sensitivity_to,infigratinib
ZNFN1A3,is_a,IKZF3
CTR20131408,include_a,肺癌
CNC,is_a,PRKAR1A
ROS1-p.L2026M-巨细胞肺癌,has_var,ROS1-p.L2026M
SF1126,inhibition_to,PIK3CA
MLLT1,driving_to,Wilms瘤)
VHL-p.T133N-肉瘤样肾细胞癌,has_var,VHL-p.T133N
ALK-p.C1156Y;.-ALK-黑色素瘤,originated_from,黑色素瘤
AZD-8055,inhibition_to,MTOR
PIK3CA-p.H1047R-十二指肠间质瘤,originated_from,十二指肠间质瘤
A-1331852,inhibition_to,BCL2L1
ALK-p.L1196M-肺癌,resistance_to,克唑替尼
EGFR-p.L861R;EGFR-p.G719A-宫颈内腺癌,has_var,EGFR-p.L861R
PTEN,driving_to,肝癌
JAK2-p.V617F-食管癌,originated_from,食管癌
FGFR2-SHTN1-腺泡状横纹肌肉瘤,originated_from,腺泡状横纹肌肉瘤
BRAF-p.G469V-肾癌,resistance_to,曲美替尼
PLAG1,driving_to,乳腺癌
PDGFRA,is_a,PDGFRA
MET-skipping_mut;MET-p.D1228N-肺癌,originated_from,肺癌
优替德隆,treatment,乳腺癌
ALK-p.G1269A;.-ALK-肺原位腺癌,sensitivity_to,阿来替尼
FGFR2-p.P253R-头颈部肿瘤,has_var,FGFR2-p.P253R
ALK-p.L1198F;.-ALK-肾癌,originated_from,肾癌
ALK-p.L1196M;.-ALK-卵巢癌,has_var,ALK-p.L1196M
EGFR-exon19del-非鳞状非小细胞肺癌,sensitivity_to,奥希替尼
MAP2K1-p.C121S;BRAF-p.V600E-皮肤癌,originated_from,皮肤癌
MET-skipping_mut;MET-p.L1195V-乳腺癌,originated_from,乳腺癌
ERBB2-p.D769Y-膀胱/尿路癌,resistance_to,奈拉替尼
BRAF-p.Y472C-肺梭形细胞癌,sensitivity_to,达沙替尼
拉罗替尼,inhibition_to,NTRK1
CTR20140850,include_a,肺癌
BRAF-p.D594N-盆腔肿瘤,has_var,BRAF-p.D594N
BRAF-p.G606E-鞍区肿瘤,originated_from,鞍区肿瘤
NCT00032123,include_a,原发灶不明癌
BRAF-p.D594G-结直肠腺癌,has_var,BRAF-p.D594G
CSF1R-p.A503T,has_gene,CSF1R
ZFHX3-p.P3581L,has_gene,ZFHX3
ALK-p.G1202R;.-ALK-胰腺神经内分泌瘤,originated_from,胰腺神经内分泌瘤
EGFR-p.S768I;EGFR-p.V774M-肺纤毛黏液结节性乳头状肿瘤,sensitivity_to,奥希替尼
PIK3CA-p.H1047R-卵巢上皮肿瘤,has_var,PIK3CA-p.H1047R
ALK-p.G1269A;.-ALK-肺腺鳞癌,has_var,ALK-p.G1269A
.-ALK-肺腺鳞癌,sensitivity_to,阿来替尼
ARV-110,inhibition_to,AR
EGFR-p.T790M-肺基底细胞样大细胞癌,has_var,EGFR-p.T790M
BRAF-p.N581S-非小细胞肺癌,resistance_to,曲美替尼
ALK-p.L1198F;.-ALK-胰腺神经内分泌瘤,has_var,.-ALK
MET-p.D1230N-盆腔肿瘤,has_var,MET-p.D1230N
ROS1-p.L2026M-非鳞状非小细胞肺癌,has_var,ROS1-p.L2026M
ALK-p.I1171T-肺黏液表皮样癌,resistance_to,阿来替尼
MET-skipping_mut;MET-p.D1228N-星形细胞瘤,originated_from,星形细胞瘤
培唑帕尼,inhibition_to,FGFR3
EGFR-p.L833V;EGFR-p.L858R-肺癌,sensitivity_to,厄洛替尼
emirodatamab,inhibition_to,CD3E
雷莫西尤单抗,inhibition_to,KDR
FGFR2-p.E566G-巨球蛋白血症(WM),originated_from,巨球蛋白血症(WM)
TCF7L2,is_a,TCF7L2
CSF1R-p.W450_E456del-小细胞肺癌,originated_from,小细胞肺癌
EGFR-p.E709A;EGFR-p.G719A-肺多形性癌,sensitivity_to,阿法替尼
ALK-p.G1202R;.-ALK-宫颈癌,has_var,ALK-p.G1202R
IDH305,inhibition_to,IDH1
KRAS-p.G12C-胰腺腺癌,sensitivity_to,sotorasib
FGFR2-SKI-软组织肿瘤,has_var,FGFR2-SKI
RG6330,inhibition_to,KRAS
MET-p.D1230N-巨细胞肺癌,has_var,MET-p.D1230N
proleukin,is_a,阿地白介素
MET-p.D1230N-胸壁肿瘤,has_var,MET-p.D1230N
FGFR2-SKI-炎性肌纤维母细胞瘤,originated_from,炎性肌纤维母细胞瘤
AIRE-p.*546Cext*?,has_gene,AIRE
NBEA-p.V2431A,has_gene,NBEA
ROS1-p.L2026M-肺黏液表皮样癌,originated_from,肺黏液表皮样癌
ALK-p.L1196M;.-ALK-皮肤癌,has_var,.-ALK
硼替佐米,inhibition_to,PSMC5
.-ALK-肺腺鳞癌,sensitivity_to,SY-3505
Bloom综合征,develop_to,Wilms瘤)
博来霉素,treatment,非霍奇金淋巴瘤
ALK-p.L1196M;.-ALK-T淋巴细胞白血病/淋巴瘤,originated_from,T淋巴细胞白血病/淋巴瘤
NRAS-p.Q61-皮肤黑色素瘤,sensitivity_to,RO5126766
SLC37A4,cause_to,ⅠB型糖原贮积病
FLT3-p.F691L-AML伴inv(3)(q21.3q26.2),sensitivity_to,舒尼替尼
吉非替尼,inhibition_to,EGFR
NCT04060342,include_a,食管腺癌
幼年性息肉病综合征,develop_to,胃癌
替雷利珠单抗,treatment,食管鳞状细胞癌
EGFR-p.E709A;EGFR-p.G719A-肺腺癌,sensitivity_to,阿法替尼
EZH2-p.A682G-原位滤泡肿瘤,has_var,EZH2-p.A682G
ALK-p.L1196M;.-ALK-肺腺癌,has_var,ALK-p.L1196M
FLT3-p.D835Y-乳头肿瘤,originated_from,乳头肿瘤
MET-skipping_mut;MET-p.L1195V-小细胞肺癌,originated_from,小细胞肺癌
KIT-p.N822H-软组织肿瘤,sensitivity_to,伊马替尼
MET-skipping_mut;MET-p.D1228N-肺腺癌,has_var,MET-p.D1228N
NCT01552434,include_a,口腔癌
PDGFRA-p.N659K-鞍区肿瘤,originated_from,鞍区肿瘤
WT1,cause_to,家族性腹膜间皮瘤
FGFR3-TACC3-皮肤癌,originated_from,皮肤癌
EGFR-p.I759M;EGFR-p.L858R-肺癌,has_var,EGFR-p.L858R
FLT3,driving_to,急性淋巴细胞白血病
FGFR2-.-胆管癌,sensitivity_to,infigratinib
BRCA1,synthetic_lethality,PARP1
tivozanib,treatment,肾细胞癌
帕博利珠单抗,treatment,肾细胞癌
CSF1R-p.Y546_K551del-胰腺癌,originated_from,胰腺癌
KIT-p.D816V-骨髓瘤,sensitivity_to,阿伐替尼
K-756,inhibition_to,TNKS
ALK-p.V1180L;.-ALK-鳞状非小细胞肺癌,has_var,ALK-p.V1180L
EGFR,synthetic_lethality,KDR
MET-skipping_mut;MET-p.D1228N-子宫内膜癌,has_var,MET-p.D1228N
BRAF-p.Y472C-肺基底细胞样大细胞癌,has_var,BRAF-p.Y472C
FGFR2-p.F276C-肝内胆管癌,sensitivity_to,佩米替尼
卡铂,treatment,卵巢癌
PIK3CA-p.H1047R-卵巢癌,originated_from,卵巢癌
帕博利珠单抗,treatment,非小细胞肺癌
EGFR,driving_to,乳腺癌
CTR20221470,include_a,腹膜癌
Li-Fraumeni综合征,develop_to,肺癌
KIT-p.D816V-盆腔肿瘤,originated_from,盆腔肿瘤
MET-skipping_mut;MET-p.L1195V-肝癌,has_var,MET-p.L1195V
MET-skipping_mut;MET-p.D1228N-胰腺癌,originated_from,胰腺癌
CSF1R-p.Y546_K551del-星形细胞瘤,originated_from,星形细胞瘤
ERBB2-Amp;ERBB2-p.E401G-宫颈内腺癌,originated_from,宫颈内腺癌
ALK-p.V1180L;.-ALK-肺淋巴上皮瘤样癌,has_var,ALK-p.V1180L
ERBB2-p.D769Y-食管胃腺癌,has_var,ERBB2-p.D769Y
MET-skipping_mut;MET-p.L1195V-食管癌,has_var,MET-p.L1195V
ZNF148,driving_to,食管癌
pavurutamab,inhibition_to,CD3E
sapitinib,inhibition_to,ERBB2
EGFR-p.E709_T710delinsD-肺涎腺型肿瘤,has_var,EGFR-p.E709_T710delinsD
EGFR-p.T790M-肺梭形细胞癌,has_var,EGFR-p.T790M
Bloom综合征,develop_to,口腔癌
DS-1001b,inhibition_to,IDH1
PDGFRA-exon18act-软组织肿瘤,sensitivity_to,阿伐替尼
阿法替尼,is_a,阿法替尼
KIT-exon9act-软组织肿瘤,sensitivity_to,伊马替尼
MET-skipping_mut;MET-p.L1195V-腺样囊性癌,originated_from,腺样囊性癌
BCL9,driving_to,结直肠腺癌
JAK2-p.V617F-肺癌,has_var,JAK2-p.V617F
FGFR3-TACC3-炎性肌纤维母细胞瘤,originated_from,炎性肌纤维母细胞瘤
CARD11-p.N591Y,has_gene,CARD11
PIK3CA-p.W1051*-混合型子宫内膜癌,sensitivity_to,依维莫司
NCT00004904,include_a,小肠癌
MAP2K1-p.C121S;BRAF-p.V600E-先天性痣,originated_from,先天性痣
ALK-p.L1198F;.-ALK-肺腺癌,originated_from,肺腺癌
MET-skipping_mut;MET-p.L1195V-腺样囊性癌,has_var,MET-p.L1195V
BRAF-p.Y472C-肺基底细胞样大细胞癌,sensitivity_to,达沙替尼
ALK-p.F1245C-肺腺鳞癌,sensitivity_to,塞瑞替尼
NCT01609855,include_a,原发灶不明癌
CSF1R-p.W450_E456del-星形细胞瘤,has_var,CSF1R-p.W450_E456del
FLT3-p.D835Y-胰腺癌,has_var,FLT3-p.D835Y
PDGFRA-exon18act-软组织肿瘤,sensitivity_to,伊马替尼
ALK-p.I1171T-肺腺鳞癌,resistance_to,阿来替尼
ALK-p.L1196M;.-ALK-盆腔肿瘤,originated_from,盆腔肿瘤
EGFR-p.E709G;EGFR-p.L858R-肺基底细胞样大细胞癌,has_var,EGFR-p.L858R
EGFR-p.V834L;EGFR-p.L858R-非鳞状非小细胞肺癌,originated_from,非鳞状非小细胞肺癌
EGFR-p.E709V;EGFR-p.L858R-肺涎腺型肿瘤,has_var,EGFR-p.E709V
MAP2K1-p.L98_K104delinsQ-组织细胞和树突状细胞肿瘤,resistance_to,曲美替尼
BRAF-p.D594N-胸膜癌,has_var,BRAF-p.D594N
BRCA1,synthetic_lethality,PARP2
H3F3A,driving_to,高级别胶质瘤，非特定
CUDC-101,inhibition_to,HDAC4
EZH2-p.A682G-淋巴癌,has_var,EZH2-p.A682G
ALK-p.L1196M;.-ALK-血管瘤样纤维组织细胞瘤,has_var,.-ALK
PLAG1-p.L266F,has_gene,PLAG1
CSF1R-p.W450_E456del-宫颈内腺癌,originated_from,宫颈内腺癌
BRAF-p.Y472C-肺多形性癌,has_var,BRAF-p.Y472C
ALK-p.F1245C-肺基底细胞样大细胞癌,sensitivity_to,塞瑞替尼
奥希替尼,treatment,非小细胞肺癌
FGFR3-TACC3-黑色素瘤,has_var,FGFR3-TACC3
ELANE,cause_to,Kostmann综合征
PDGFRA-exon18act-软组织肿瘤,sensitivity_to,瑞派替尼
BRAF-p.G606E-胸膜癌,originated_from,胸膜癌
吡柔比星,treatment,淋巴瘤
ALK-p.V1180L;.-ALK-肺纤毛黏液结节性乳头状肿瘤,sensitivity_to,布格替尼
KRAS-p.G12D;PTEN-Loss-胰腺腺癌,sensitivity_to,MK-2206
ALK-p.I1171T-肺鳞状细胞癌,has_var,ALK-p.I1171T
BAT8001,inhibition_to,ERBB2
LY3410738,inhibition_to,IDH1
MAP2K1-p.C121S;BRAF-p.V600E-黏膜黑色素瘤,has_var,MAP2K1-p.C121S
FLT3-p.F691L-AML (巨核细胞) 伴 t(1；22)(p13.3；q13.3)；RBM15-MKL1,sensitivity_to,舒尼替尼
CTR20211176,include_a,腹膜癌
MET-skipping_mut;MET-p.L1195V-小细胞肺癌,has_var,MET-p.L1195V
EGFR-p.L861R;EGFR-p.G719A-宫颈内腺癌,originated_from,宫颈内腺癌
.-FGFR1-T淋巴细胞白血病/淋巴瘤,has_var,.-FGFR1
EGFR-p.L858R;CTNNB1-act;EGFR-p.E709-肺癌,sensitivity_to,阿法替尼
皮脂腺癌,is_a,皮脂腺癌
AKT1-p.P68S,has_gene,AKT1
FGFR2-p.E566G-子宫平滑肌肉瘤,has_var,FGFR2-p.E566G
ZFHX3-p.A3627S,has_gene,ZFHX3
PTEN-p.R173C;BRAF-p.V600E-盲肠癌,originated_from,盲肠癌
FGFR2-SHTN1-T淋巴细胞白血病/淋巴瘤,originated_from,T淋巴细胞白血病/淋巴瘤
PDGFRA-p.W559_R560del-软组织肿瘤,has_var,PDGFRA-p.W559_R560del
厄洛替尼,inhibition_to,EGFR
ALK-p.L1196M;.-ALK-炎性肌纤维母细胞瘤,originated_from,炎性肌纤维母细胞瘤
EGFR-p.L861R;EGFR-p.G719A-子宫内膜癌,has_var,EGFR-p.L861R
ALK-p.G1202R;.-ALK-肺淋巴上皮瘤样癌,has_var,.-ALK
纳武利尤单抗,treatment,胃癌
奥雷巴替尼,inhibition_to,ABL1
EGFR-p.E746_L747delinsIP;EGFR-p.S1190F-非小细胞肺癌,has_var,EGFR-p.S1190F
EGFR-p.V834L;EGFR-p.L858R-肺横纹肌样表型大细胞癌,originated_from,肺横纹肌样表型大细胞癌
CSF1R-p.Y546_K551del-小细胞肺癌,originated_from,小细胞肺癌
RET,is_a,RET
Li-Fraumeni综合征,develop_to,骨肉瘤
FLT3,is_a,FLT3
ALK-p.I1171T-肺鳞状细胞癌,resistance_to,阿来替尼
PBRM1,driving_to,乳头状肾细胞癌
FGFR2-SKI-软组织肿瘤,originated_from,软组织肿瘤
CSF1R-p.P147L,has_gene,CSF1R
VHL-p.T133N-肾癌,originated_from,肾癌
KIT-exon11act-软组织肿瘤,sensitivity_to,阿伐替尼
PALB2,cause_to,PALB2相关性家族性乳腺癌和胰腺癌
FGFR2-p.E566G-小细胞胆囊癌,has_var,FGFR2-p.E566G
BRAF-p.D594N-小细胞胆囊癌,originated_from,小细胞胆囊癌
TAA013,inhibition_to,ERBB2
EGFR-exon19del-非鳞状非小细胞肺癌,sensitivity_to,nazartinib
VHL-inact-未分类的肾细胞癌,sensitivity_to,贝伐珠单抗
G007-LK,inhibition_to,TNKS
BRAF-p.V600M;BRAF-p.V600E-Spitz样黑色素瘤,has_var,BRAF-p.V600E
ALK-p.L1196M;.-ALK-腺样囊性癌,has_var,ALK-p.L1196M
NSD1,cause_to,韦弗综合征
伊马替尼,inhibition_to,ABL1
KRAS-p.G12C-胰腺腺癌,sensitivity_to,adagrasib
CARD11-p.K184M,has_gene,CARD11
多发性皮脂腺囊肿,develop_to,皮脂腺癌
神经鞘瘤病,develop_to,脑膜瘤
阿地白介素,treatment,肾细胞癌
BRAF,driving_to,毛细胞型星形细胞瘤
MAP2K1-p.C121S;BRAF-p.V600E-Spitz样黑色素瘤,originated_from,Spitz样黑色素瘤
.-FGFR1-腺泡状横纹肌肉瘤,originated_from,腺泡状横纹肌肉瘤
BRAF-p.D594N-胸壁肿瘤,originated_from,胸壁肿瘤
FLT3-p.F691L-AML伴t(8；21)(q22；q22.1)；RUNX1-RUNX1T1,sensitivity_to,舒尼替尼
CCDC6-RET;EGFR-p.L858R-肺淋巴上皮瘤样癌,has_var,CCDC6-RET
PDGFRA-p.D842V-十二指肠间质瘤,has_var,PDGFRA-p.D842V
merestinib,is_a,merestinib
BRAF-p.V600E-囊性胶质瘤,sensitivity_to,selumetinib
CTR20132279,include_a,肝癌
PIK3CA-p.H1047R-卵巢/输卵管癌,has_var,PIK3CA-p.H1047R
EGFR-p.L858R;CTNNB1-act;EGFR-p.E709-肺癌,has_var,EGFR-p.L858R
PIK3CA-act-子宫内膜样癌,sensitivity_to,alpelisib
VRNF,is_a,NF1
博来霉素,treatment,头颈部肿瘤
卡瑞利珠单抗,treatment,食管鳞状细胞癌
索拉非尼,treatment,肾细胞癌
克唑替尼,is_a,克唑替尼
CSF1R-p.Y546_K551del-子宫内膜癌,originated_from,子宫内膜癌
MET-skipping_mut;MET-p.D1228N-肺癌,has_var,MET-p.D1228N
JAK2-p.V617F-肝癌,originated_from,肝癌
依维莫司,treatment,胃神经内分泌癌
ROS1-p.L2026M-分化差的非小细胞肺癌,has_var,ROS1-p.L2026M
alitretinoin,treatment,Kaposis肉瘤
JAK2-p.V617F-宫颈癌,originated_from,宫颈癌
阿替利珠单抗,treatment,黑色素瘤
BRAF-p.V600M;BRAF-p.V600E-皮肤黑色素瘤,has_var,BRAF-p.V600E
lucitanib,inhibition_to,FGFR3
BRAF-p.G606E-胰腺囊性肿瘤,originated_from,胰腺囊性肿瘤
KL590586,inhibition_to,RET
PBRM1,driving_to,子宫内膜癌
ALK-p.L1196M;.-ALK-星形细胞瘤,has_var,ALK-p.L1196M
KRAS-p.G12C-结直肠腺癌,sensitivity_to,adagrasib
AKT1-p.E17K-子宫黏液癌,sensitivity_to,capivasertib
MET-skipping_mut;MET-p.D1228N-腺样囊性癌,has_var,MET-p.D1228N
EGFR-p.L833V;EGFR-p.L858R-非小细胞肺癌,has_var,EGFR-p.L858R
FGFR2-CLIP1-血管瘤样纤维组织细胞瘤,has_var,FGFR2-CLIP1
VHL-p.T133N-肾小细胞癌,originated_from,肾小细胞癌
FGFR2-p.F276C-胆管癌,has_var,FGFR2-p.F276C
NCT00095940,include_a,室管膜瘤
NF1,driving_to,肾透明细胞癌
FGFR2-p.F276C-胆道癌,has_var,FGFR2-p.F276C
EGFR-p.E709_T710delinsD-肺涎腺型肿瘤,sensitivity_to,达可替尼
ALK-p.G1202R;.-ALK-盆腔肿瘤,originated_from,盆腔肿瘤
EGFR-p.C797S<T790M顺式>-肺多形性癌,resistance_to,奥希替尼
Ro31-8220,inhibition_to,GSK3B
ponatinib,treatment,急性淋巴细胞白血病
JAK2-p.V617F-宫颈内腺癌,originated_from,宫颈内腺癌
ALK-p.L1196M;.-ALK-黑色素瘤,originated_from,黑色素瘤
仑伐替尼,treatment,肾细胞癌
KIT-p.D816V-胰腺囊性肿瘤,originated_from,胰腺囊性肿瘤
HXB,is_a,TNC
PDGFRA-p.N659K-盆腔肿瘤,originated_from,盆腔肿瘤
ALK-p.L1198F;.-ALK-宫颈癌,has_var,ALK-p.L1198F
CTR20221537,include_a,非小细胞肺癌
VHL-inact-未分类的肾细胞癌,sensitivity_to,阿昔替尼
ROS1-p.L2026M-肺神经内分泌瘤,has_var,ROS1-p.L2026M
PLAG1-p.K184N,has_gene,PLAG1
ALK-p.L1198F;.-ALK-黑色素瘤,originated_from,黑色素瘤
ALK-p.G1202R;.-ALK-腺样囊性癌,has_var,ALK-p.G1202R
vandetanib,inhibition_to,ABL1
FGFR2-SHTN1-盆腔肿瘤,originated_from,盆腔肿瘤
Denys-Drash综合征,develop_to,卵巢癌
ALK-p.L1196M-肺腺样囊性癌,resistance_to,克唑替尼
CTR20201923,include_a,胰腺癌
MET-skipping_mut;MET-p.D1228N-星形细胞瘤,has_var,MET-p.D1228N
NCOA4-RET;EGFR-p.L858R-肺淋巴上皮瘤样癌,originated_from,肺淋巴上皮瘤样癌
NRAS-p.Q61-Spitz样黑色素瘤,sensitivity_to,RO5126766
PTEN-Loss;PIK3CA-Amp-卵巢浆-黏液性癌,sensitivity_to,pictilisib
EBI-907,inhibition_to,BRAF
MAX-40279,inhibition_to,FGFR3
ALK-p.L1196M;.-ALK-乳头肿瘤,originated_from,乳头肿瘤
MET-p.D1230N-胰腺囊性肿瘤,originated_from,胰腺囊性肿瘤
六甲蜜胺,treatment,卵巢癌
capmatinib,inhibition_to,MET
EGFR-p.A767_V769dup-非鳞状非小细胞肺癌,sensitivity_to,奥希替尼
CSF1R-p.W450_E456del-腺样囊性癌,originated_from,腺样囊性癌
WT1,cause_to,肾母细胞瘤
替雷利珠单抗,treatment,胃癌
伊曲康唑,inhibition_to,MTOR
BRAF-p.G469V-肺梭形细胞癌,sensitivity_to,索拉非尼
阿帕替尼,inhibition_to,RET
antroquinonol,inhibition_to,MTOR
NF2,cause_to,家族聚集性脑膜瘤
CTR20221281,include_a,非小细胞肺癌
ERBB2-p.Y772_A775dup-非鳞状非小细胞肺癌,sensitivity_to,吡咯替尼
CSF1R-p.Y546_K551del-甲状腺癌,originated_from,甲状腺癌
EGFR-p.E709_T710delinsD-肺透明细胞癌,has_var,EGFR-p.E709_T710delinsD
.-FGFR1-胰腺神经内分泌瘤,has_var,.-FGFR1
FBXW7,driving_to,头颈部鳞状细胞癌
BRAF-p.V600E-中枢神经系统/脑部肿瘤,has_var,BRAF-p.V600E
FLT3-p.F691L-AML (巨核细胞) 伴 t(1；22)(p13.3；q13.3)；RBM15-MKL1,has_var,FLT3-p.F691L
ALK-p.L1198F;.-ALK-皮肤癌,originated_from,皮肤癌
LY2090314,inhibition_to,GSK3B
ALK-p.L1196M;.-ALK-肺淋巴上皮瘤样癌,has_var,.-ALK
ALK-p.V1180L;.-ALK-肺梭形细胞癌,sensitivity_to,布格替尼
NF1,driving_to,头颈部鳞状细胞癌
PKD1,cause_to,多囊肾病1型
EZH2-p.A682G-成熟B细胞淋巴瘤,originated_from,成熟B细胞淋巴瘤
G244-LM,inhibition_to,TNKS
NCT01596127,include_a,脑膜瘤
PIK3CA-p.W1051*-子宫腺鳞癌,has_var,PIK3CA-p.W1051*
FGFR2-SHTN1-软组织肿瘤,originated_from,软组织肿瘤
ALK-p.L1196M-肺癌,has_var,ALK-p.L1196M
amivantamab-vmjw,inhibition_to,EGFR
PDGFRA-p.D842V-十二指肠间质瘤,sensitivity_to,达沙替尼
CARD11-p.P2L,has_gene,CARD11
硼替佐米,treatment,套细胞淋巴瘤(MCL)
卡莫司汀,treatment,霍奇金淋巴瘤
KIT-p.D816V-鞍区肿瘤,has_var,KIT-p.D816V
CSF1R-p.W450_E456del-卵巢癌,originated_from,卵巢癌
ALK-p.G1269A;.-ALK-肺涎腺型肿瘤,has_var,ALK-p.G1269A
ALK-p.L1198F;.-ALK-宫颈癌,originated_from,宫颈癌
EGFR-p.V834L;EGFR-p.L858R-肺腺样囊性癌,has_var,EGFR-p.V834L
KRAS-act-结直肠腺癌,sensitivity_to,呋喹替尼
ALK-p.G1202R-肺腺鳞癌,sensitivity_to,洛拉替尼
JAK2-p.V617F-宫颈癌,has_var,JAK2-p.V617F
E3B1,is_a,ABI1
VHL-p.T133N-肉瘤样特征的肾透明细胞癌,originated_from,肉瘤样特征的肾透明细胞癌
BRAF-p.D594G-肠癌,resistance_to,曲美替尼
CTR20221470,include_a,前列腺癌
KIT-p.D816V-胰腺囊性肿瘤,has_var,KIT-p.D816V
danusertib,inhibition_to,ABL1
EGFR-p.I759M;EGFR-p.L858R-非小细胞肺癌,sensitivity_to,吉非替尼
PDGFRA-p.N659K-胰腺囊性肿瘤,has_var,PDGFRA-p.N659K
BRAF-p.V600E-骨髓瘤,has_var,BRAF-p.V600E
ALK-p.L1196M;.-ALK-食管癌,originated_from,食管癌
AIRE-p.V118F,has_gene,AIRE
PIK3CA-act-子宫肿瘤,sensitivity_to,apitolisib
AJUBA,driving_to,头颈部鳞状细胞癌
ALK-p.L1198F;.-ALK-乳腺癌,originated_from,乳腺癌
JAK2-p.V617F-子宫内膜癌,originated_from,子宫内膜癌
EGFR-p.Q1021K,has_gene,EGFR
MET-skipping_mut;MET-p.L1195V-子宫内膜癌,has_var,MET-p.L1195V
BRAF-p.N581S-肺癌,resistance_to,曲美替尼
FGFR2-p.E566G-小细胞胆囊癌,originated_from,小细胞胆囊癌
ROS1-p.L2026M-肺横纹肌样表型大细胞癌,has_var,ROS1-p.L2026M
ALK-p.L1196M;.-ALK-肺腺鳞癌,sensitivity_to,洛拉替尼
ALK-p.G1269A;.-ALK-小细胞肺癌,has_var,ALK-p.G1269A
tepotinib,is_a,tepotinib
PDGFRA-p.N659K-原发性骨髓纤维化,has_var,PDGFRA-p.N659K
FGFR2-SHTN1-腺泡状横纹肌肉瘤,has_var,FGFR2-SHTN1
EGFR-p.T790M-肺涎腺型肿瘤,has_var,EGFR-p.T790M
RUFY2-RET;EGFR-p.L858R-肺淋巴上皮瘤样癌,has_var,RUFY2-RET
NCT02496208,include_a,肾髓样癌
ALK-p.L1198F;.-ALK-小细胞肺癌,originated_from,小细胞肺癌
MET-p.D1230N-胸膜癌,has_var,MET-p.D1230N
NCT00031941,include_a,小肠癌
ALK-p.I1171T-大细胞肺癌,has_var,ALK-p.I1171T
FGFR2-p.E566G-原发性骨髓纤维化,has_var,FGFR2-p.E566G
家族性聚集多发性骨髓瘤,develop_to,前列腺癌
氢化可的松,treatment,淋巴瘤
NF1,driving_to,肝癌
apitolisib,inhibition_to,MTOR
glembatumumab vedotin,inhibition_to,GPNMB
BRAF-p.Y472C-肺涎腺型肿瘤,has_var,BRAF-p.Y472C
FGFR2-SKI-黑色素瘤,originated_from,黑色素瘤
FGFR3-TACC3-炎性肌纤维母细胞瘤,has_var,FGFR3-TACC3
CSF1R-p.Y546_K551del-肾癌,has_var,CSF1R-p.Y546_K551del
abexinostat,inhibition_to,HDAC4
AKT1-act-子宫黏液癌,sensitivity_to,temsirolimus
NBEA-p.K2111N,has_gene,NBEA
CSF1R-p.W450_E456del-乳腺癌,has_var,CSF1R-p.W450_E456del
MET-skipping_mut;MET-p.D1228N-宫颈内腺癌,has_var,MET-p.D1228N
ALK-p.L1198F;.-ALK-卵巢癌,has_var,ALK-p.L1198F
洛拉替尼,treatment,非小细胞肺癌
ALK-p.G1202R;.-ALK-黑色素瘤,has_var,.-ALK
NTRK3-p.G623R-头颈部肿瘤,resistance_to,恩曲替尼
FGFR1-p.E29K,has_gene,FGFR1
ALK-p.G1269A;.-ALK-肺涎腺型肿瘤,sensitivity_to,阿来替尼
lonsurf,is_a,曲氟尿苷替匹嘧啶
JAK2-p.V617F-肾癌,originated_from,肾癌
FGFR2-SKI-皮肤癌,originated_from,皮肤癌
Li-Fraumeni综合征,develop_to,乳腺癌
PIK3CA-p.W1051*-子宫中肾管样癌,has_var,PIK3CA-p.W1051*
BRAF-p.G466V-非小细胞肺癌,resistance_to,曲美替尼
博来霉素,treatment,肿瘤、生殖细胞和胚胎
BRAF-p.G606E-子宫平滑肌肉瘤,has_var,BRAF-p.G606E
ALK-p.L1198F;.-ALK-皮肤癌,has_var,.-ALK
FGFR2-TACC3-血管瘤样纤维组织细胞瘤,has_var,FGFR2-TACC3
PDGFRA-p.N659K-巨球蛋白血症(WM),has_var,PDGFRA-p.N659K
ALK-p.L1198F;.-ALK-宫颈内腺癌,originated_from,宫颈内腺癌
NCT00075465,include_a,原发灶不明癌
血管瘤,inhibition_to,ADRB1
FBXW7,synthetic_lethality,NCOR1
ALK-p.L1196M;.-ALK-甲状腺癌,originated_from,甲状腺癌
NCT01256385,include_a,口腔癌
MET-skipping_mut;MET-p.D1228N-食管癌,originated_from,食管癌
Bloom综合征,develop_to,血液肿瘤
FGFR2-SHTN1-皮肤癌,originated_from,皮肤癌
KIT-p.D816V-巨细胞肺癌,originated_from,巨细胞肺癌
苯达莫司汀,treatment,慢性淋巴细胞白血病/小淋巴细胞淋巴瘤
danusertib,inhibition_to,NTRK1
BRAF-p.G466V-肺腺样囊性癌,has_var,BRAF-p.G466V
EGFR-p.E709_T710delinsD-肺多形性癌,has_var,EGFR-p.E709_T710delinsD
BRAF-p.Y472C-肺涎腺型肿瘤,sensitivity_to,达沙替尼
帕米帕利,treatment,卵巢癌
PB1,is_a,PBRM1
depatuxizumab mafodotin,inhibition_to,EGFR
BRAF-p.V600M;BRAF-p.V600E-黏膜黑色素瘤,sensitivity_to,达拉非尼
FGFR2-SKI-盆腔肿瘤,has_var,FGFR2-SKI
EGFR-p.V834L;EGFR-p.L858R-非小细胞肺癌,originated_from,非小细胞肺癌
CSF1R-p.W450_E456del-食管癌,has_var,CSF1R-p.W450_E456del
EZH2-p.A682G-滤泡性淋巴瘤(FL),originated_from,滤泡性淋巴瘤(FL)
FGFR2-.-肝外胆管癌,sensitivity_to,佩米替尼
JUB,is_a,AJUBA
ALK-p.L1196M-大细胞肺癌,has_var,ALK-p.L1196M
PGR-High_exp;BRAF-p.T599K;ESR1-High_exp;ERBB2-High_exp-乳腺癌(HR阳性，HER2阳性),originated_from,(HR阳性，HER2阳性)
FLT3-p.D835Y-小细胞肺癌,originated_from,小细胞肺癌
.-ALK-肺腺鳞癌,sensitivity_to,恩沙替尼
ERBB2-Amp;ERBB2-p.E401G-肺腺癌,has_var,ERBB2-p.E401G
FGFR2-.-肝门部胆管癌,sensitivity_to,佩米替尼
POLE-inact-巨细胞肺癌,sensitivity_to,阿替利珠单抗
.-FGFR1-皮肤癌,originated_from,皮肤癌
AMG160,inhibition_to,CD3E
MYH8,cause_to,牙关紧闭假屈曲指综合征
BRAF-p.T599K;ESR1-High_exp;ERBB2-High_exp-乳腺癌(HR阳性,HER2阳性),has_var,BRAF-p.T599K
NCT02831257,include_a,脑膜瘤
BRAF-p.V600E-囊性胶质瘤,sensitivity_to,维莫非尼
ALK-p.G1269A;.-ALK-肺类癌,sensitivity_to,阿来替尼
MET-skipping_mut;MET-p.D1228N-卵巢癌,has_var,MET-p.D1228N
NRAS-act-皮肤癌,sensitivity_to,FCN-159
CSF1R-p.Y546_K551del-肾癌,originated_from,肾癌
MET-p.D1230N-盆腔肿瘤,originated_from,盆腔肿瘤
HS-10352,inhibition_to,PIK3CA
NF1,driving_to,结直肠腺癌
EGFR-p.V834L;EGFR-p.L858R-肺癌,originated_from,肺癌
依维莫司,treatment,肾细胞癌
MET-skipping_mut;MET-p.L1195V-甲状腺癌,originated_from,甲状腺癌
AIRE-p.A25D,has_gene,AIRE
ALK-p.L1198F;.-ALK-星形细胞瘤,has_var,ALK-p.L1198F
EGFR-p.E709_T710delinsD-肺多形性癌,sensitivity_to,达可替尼
Denys-Drash综合征,develop_to,肾癌
ALK-p.L1196M;.-ALK-子宫内膜癌,originated_from,子宫内膜癌
FGFR3-TACC3-软组织肿瘤,originated_from,软组织肿瘤
FLT3-p.D835Y-食管癌,has_var,FLT3-p.D835Y
EGFR-p.E709V;EGFR-p.L858R-肺基底细胞样大细胞癌,has_var,EGFR-p.L858R
ALK-p.L1198F;.-ALK-炎性肌纤维母细胞瘤,has_var,.-ALK
ALK-p.G1269A;.-ALK-大细胞肺癌,has_var,ALK-p.G1269A
.-FGFR1-T淋巴细胞白血病/淋巴瘤,originated_from,T淋巴细胞白血病/淋巴瘤
BRAF-p.Y472C-鳞状非小细胞肺癌,sensitivity_to,达沙替尼
MET-skipping_mut;MET-p.L1195V-胰腺癌,originated_from,胰腺癌
放线菌素D,treatment,横纹肌肉瘤
CTR20140041,include_a,肺癌
ALK-p.C1156Y;.-ALK-腺泡状横纹肌肉瘤,originated_from,腺泡状横纹肌肉瘤
CEBPA,is_a,CEBPA
EGFR-p.E709V;EGFR-p.L858R-肺透明细胞癌,has_var,EGFR-p.L858R
H3F3A,driving_to,毛细胞型星形细胞瘤
EZN-4176,inhibition_to,AR
FGFR1-p.L33F,has_gene,FGFR1
ALK-p.L1198F;.-ALK-乳头肿瘤,has_var,ALK-p.L1198F
NCT00079261,include_a,小肠癌
ALK-p.L1198F;.-ALK-肺淋巴上皮瘤样癌,originated_from,肺淋巴上皮瘤样癌
E7449,inhibition_to,TNKS
SIM-89,inhibition_to,NTRK1
AKT1-act-子宫黏液癌,sensitivity_to,apitolisib
ALK-p.L1196M-肺鳞状细胞癌,has_var,ALK-p.L1196M
pictilisib,inhibition_to,PIK3CA
CARD11-p.G830D,has_gene,CARD11
KIT-p.D816V-巨球蛋白血症(WM),has_var,KIT-p.D816V
.-FGFR1-软组织肿瘤,has_var,.-FGFR1
NCT00033657,include_a,食管腺癌
PLAG1-p.S161R,has_gene,PLAG1
PDGFRA-p.W559_R560del-软组织肿瘤,sensitivity_to,舒尼替尼
ALK-p.L1198F;.-ALK-黑色素瘤,has_var,.-ALK
ALK-p.L1196M;.-ALK-腺泡状横纹肌肉瘤,originated_from,腺泡状横纹肌肉瘤
AKT1-act-子宫去分化癌,sensitivity_to,temsirolimus
FBXW7,driving_to,胆管癌
PGR-High_exp;ERBB2-Low_exp;PIK3CA-p.H1047R-乳腺癌(HR阳性,HER2阴性,originated_from,HR阳性,HER2阴性)
ALK-p.L1196M;.-ALK-宫颈内腺癌,originated_from,宫颈内腺癌
FGFR1-p.P580R,has_gene,FGFR1
MAP2K1-p.Q56_V60del-卵巢/输卵管癌,has_var,MAP2K1-p.Q56_V60del
PIK3CA-p.W1051*-子宫内膜样癌,sensitivity_to,依维莫司
FGFR2-TACC3-皮肤癌,originated_from,皮肤癌
CC-94676,inhibition_to,AR
ZFHX3-p.E2414K,has_gene,ZFHX3
帕博利珠单抗,treatment,结直肠癌
AKT1-p.S2R,has_gene,AKT1
AIRE-p.R445L,has_gene,AIRE
EGFR,driving_to,胶质母细胞瘤
PP-121,inhibition_to,ABL1
BI 882370,inhibition_to,BRAF
PIK3CA-p.W1051*-子宫浆液性癌/子宫乳头状浆液性癌,has_var,PIK3CA-p.W1051*
PTPRD-p.E21K,has_gene,PTPRD
博来霉素,treatment,外阴/阴道癌
ROS1-p.L2026M-肺横纹肌样表型大细胞癌,originated_from,肺横纹肌样表型大细胞癌
ALK-p.V1180L;.-ALK-肺腺癌,has_var,ALK-p.V1180L
FGFR2-CLIP1-软组织肿瘤,has_var,FGFR2-CLIP1
PIK3CA-p.H1047R-十二指肠间质瘤,has_var,PIK3CA-p.H1047R
ALK-p.V1180L;.-ALK-肺透明细胞癌,sensitivity_to,布格替尼
amg-510,is_a,sotorasib
贝伐珠单抗,treatment,非鳞状非小细胞肺癌
CTR20131488,include_a,前列腺癌
EGFR-p.L861R;EGFR-p.G719A-肝癌,originated_from,肝癌
NCT01238185,include_a,口腔癌
AMG 199,inhibition_to,CD3E
PIK3CA-p.W1051*-子宫肿瘤,sensitivity_to,依维莫司
贝伐珠单抗,treatment,肾细胞癌
EGFR-p.E709G;EGFR-p.L858R-肺涎腺型肿瘤,has_var,EGFR-p.L858R
FLT3-p.F691L-过性骨髓增生异常,has_var,FLT3-p.F691L
AGI-5198,inhibition_to,IDH1
EGFR-p.L861R;EGFR-p.G719A-甲状腺癌,has_var,EGFR-p.L861R
selumetinib,inhibition_to,MAP2K2
PBRM1,driving_to,肾透明细胞癌
ERBB2,driving_to,宫颈鳞状细胞癌
FGFR2-.-肝内胆管癌,sensitivity_to,佩米替尼
ALK-p.V1180L;.-ALK-肺多形性癌,has_var,ALK-p.V1180L
CHEK2,cause_to,Li-Fraumeni综合征
BRAF-p.G466V-分化差的非小细胞肺癌,has_var,BRAF-p.G466V
ALK-p.L1198F;.-ALK-盆腔肿瘤,originated_from,盆腔肿瘤
PML,negative_regulated,SPI1
CCDC6-RET;EGFR-p.L858R-肺淋巴上皮瘤样癌,originated_from,肺淋巴上皮瘤样癌
DT2216,inhibition_to,BCL2L1
ALK-p.I1171T-非鳞状非小细胞肺癌,resistance_to,阿来替尼
EGFR-p.L861R;EGFR-p.G719A-肺癌,originated_from,肺癌
ABSK121-NX,inhibition_to,FGFR3
NF1,driving_to,乳腺癌
ALK-p.C1156Y;.-ALK-黑色素瘤,has_var,.-ALK
EGFR-p.L861R;EGFR-p.G719A-乳腺癌,has_var,EGFR-p.G719A
EZH2-p.A682G-非霍奇金淋巴瘤,has_var,EZH2-p.A682G
FLT3-p.D835Y-胰腺癌,originated_from,胰腺癌
.-FGFR1-黑色素瘤,has_var,.-FGFR1
AKT1-p.E17K-子宫去分化癌,sensitivity_to,capivasertib
FGFR2-CLIP1-盆腔肿瘤,has_var,FGFR2-CLIP1
BRAF-p.G469V-肺纤毛黏液结节性乳头状肿瘤,has_var,BRAF-p.G469V
KIT-p.V654A-软组织肿瘤,resistance_to,阿伐替尼
BRAF-p.T599K;ESR1-High_exp;ERBB2-High_exp-乳腺癌(HR阳性，HER2阳性),originated_from,(HR阳性，HER2阳性)
FLT3-p.F691L-过性骨髓增生异常,sensitivity_to,舒尼替尼
NIN,driving_to,胃腺癌
PTEN-p.R173C;BRAF-p.V600E-结直肠黏液腺癌,originated_from,结直肠黏液腺癌
ALK-p.G1202R;.-ALK-炎性肌纤维母细胞瘤,originated_from,炎性肌纤维母细胞瘤
EGFR-p.E709A;EGFR-p.G719A-肺透明细胞癌,sensitivity_to,阿法替尼
ERBB2-Low_exp;PIK3CA-p.H1047R;ESR1-High_exp-乳腺癌(HR阳性,HER2阴性,originated_from,HR阳性,HER2阴性)
三氧化二砷,treatment,急性髓系白血病(AML)
ROS1-p.L2026M-肺黏液表皮样癌,has_var,ROS1-p.L2026M
ALK-p.L1198F;.-ALK-甲状腺癌,originated_from,甲状腺癌
NCT00433550,include_a,小肠癌
PGR-High_exp;ERBB2-Low_exp;PIK3CA-p.H1047R;ESR1-High_exp-乳腺癌(HR阳性,HER2阴性,originated_from,HR阳性,HER2阴性)
PDGFRA-p.N659K-巨细胞肺癌,originated_from,巨细胞肺癌
依维莫司,treatment,星形细胞瘤
FGFR2-CLIP1-黑色素瘤,has_var,FGFR2-CLIP1
JAK2-p.V617F-肺癌,originated_from,肺癌
ALK-p.G1202R;.-ALK-盆腔肿瘤,has_var,.-ALK
托瑞米芬,treatment,乳腺癌
ALK-p.L1196M;.-ALK-宫颈内腺癌,has_var,ALK-p.L1196M
ALK-p.L1196M;.-ALK-宫颈癌,originated_from,宫颈癌
Deguelin,inhibition_to,PIK3CA
EGFR-p.L861R;EGFR-p.G719A-肺癌,has_var,EGFR-p.L861R
ALK-p.L1196M;.-ALK-肺腺癌,originated_from,肺腺癌
ALK-p.L1196M;.-ALK-肺癌,has_var,ALK-p.L1196M
MET-skipping_mut;MET-p.D1228N-胰腺癌,has_var,MET-p.D1228N
AMG 910,inhibition_to,CD3E
FH,has_var,VHL-p.T133N
MK-2206,inhibition_to,AKT1
他莫昔芬,treatment,乳腺癌
PCDH17-p.L1019V,has_gene,PCDH17
遗传性纤维瘤病,develop_to,结直肠癌
CSF1R-p.Y546_K551del-乳头肿瘤,has_var,CSF1R-p.Y546_K551del
EGFR-p.L861R;EGFR-p.G719A-肺癌,has_var,EGFR-p.G719A
amivantamab-vmjw,is_a,amivantamab-vmjw
AKT1-p.K111N,has_gene,AKT1
AMGMDS3,inhibition_to,TP53
FGFR3-TACC3-T淋巴细胞白血病/淋巴瘤,has_var,FGFR3-TACC3
KIT-p.D816V-原发性骨髓纤维化,has_var,KIT-p.D816V
SMARCD1,driving_to,乳腺癌
BRAF-p.Y472C-肺透明细胞癌,has_var,BRAF-p.Y472C
PRDM2,driving_to,乳头状肾细胞癌
PIK3CA-p.H1047R-软组织肿瘤,has_var,PIK3CA-p.H1047R
ALK-p.G1269A;.-ALK-肺鳞状细胞癌,has_var,ALK-p.G1269A
ALK-p.L1198F;.-ALK-肺腺癌,has_var,ALK-p.L1198F
ALK-p.G1202R;.-ALK-胰腺癌,has_var,ALK-p.G1202R
EGFR-p.L833V;EGFR-p.L858R-肺癌,has_var,EGFR-p.L833V
ALK-p.L1196M;.-ALK-软组织肿瘤,originated_from,软组织肿瘤
PIK3CA-p.W1051*-子宫去分化癌,sensitivity_to,依维莫司
KIT-p.D816V-鞍区肿瘤,originated_from,鞍区肿瘤
JAK2-p.V617F-肝癌,has_var,JAK2-p.V617F
EGFR-p.E709_T710delinsD-肺淋巴上皮瘤样癌,has_var,EGFR-p.E709_T710delinsD
CSF1R-p.Y546_K551del-乳腺癌,originated_from,乳腺癌
FGFR2-SHTN1-黑色素瘤,originated_from,黑色素瘤
CTR20221538,include_a,非小细胞肺癌
MAPK12,positive_regulated,MAX
BRAF-p.G466V-巨细胞肺癌,has_var,BRAF-p.G466V
MET-skipping_mut;MET-p.L1195V-星形细胞瘤,originated_from,星形细胞瘤
.-FGFR1-炎性肌纤维母细胞瘤,originated_from,炎性肌纤维母细胞瘤
ALK-p.G1269A;.-ALK-肺腺鳞癌,sensitivity_to,阿来替尼
.-ALK-肺腺鳞癌,sensitivity_to,克唑替尼
ROS1-p.L2026M-肺癌,originated_from,肺癌
G-631,inhibition_to,TNKS
ARID1A,driving_to,胆管癌
ARX788,inhibition_to,ERBB2
KIT-p.D816V-胸膜癌,has_var,KIT-p.D816V
FLT3-p.I836F-骨髓瘤,resistance_to,索拉非尼
阿柔比星,treatment,淋巴瘤
BRAF-p.G596V-肺涎腺型肿瘤,has_var,BRAF-p.G596V
阿比特龙,inhibition_to,AR
FGFR3-p.S249C-膀胱/尿路癌,has_var,FGFR3-p.S249C
SY-5007,inhibition_to,RET
ALK-p.G1202R;.-ALK-腺样囊性癌,originated_from,腺样囊性癌
FGFR2-SHTN1-炎性肌纤维母细胞瘤,originated_from,炎性肌纤维母细胞瘤
FLT3-p.D835Y-小细胞肺癌,has_var,FLT3-p.D835Y
MAP2K1-p.L98_K104delinsQ-髓系肿瘤,has_var,MAP2K1-p.L98_K104delinsQ
PCDH17-p.D269N,has_gene,PCDH17
MAP2K1-p.C121S;BRAF-p.V600E-皮肤黑色素瘤,has_var,MAP2K1-p.C121S
PCDH17-p.E1141*,has_gene,PCDH17
ponatinib,treatment,慢性髓系白血病
EGFR-p.T790M-非粘液性肺腺癌,has_var,EGFR-p.T790M
.-FGFR1-炎性肌纤维母细胞瘤,has_var,.-FGFR1
KIT-exon17act-软组织肿瘤,sensitivity_to,阿伐替尼
BRAF-p.T599K-乳腺腺样囊性癌,has_var,BRAF-p.T599K
EZH2-p.A682G-原位滤泡肿瘤,originated_from,原位滤泡肿瘤
CTR20190332,include_a,腹膜癌
ALK-p.V1180L;.-ALK-肺腺癌,sensitivity_to,布格替尼
PBRM1,driving_to,肺腺癌
ZFHX3-p.E717Q,has_gene,ZFHX3
CSF1R-p.Y546_K551del-卵巢癌,originated_from,卵巢癌
BRAF-p.G469V-肺基底细胞样大细胞癌,has_var,BRAF-p.G469V
MAPK12,synthetic_lethality,MDM2
ABI-009,inhibition_to,MTOR
氟唑帕利,treatment,输卵管癌
SND1-BRAF,has_3gene,BRAF
CSF1R-p.W450_E456del-肾癌,originated_from,肾癌
VHL-inact-肾癌,sensitivity_to,依维莫司
EGFR-p.E709A;EGFR-p.G719A-肺腺癌,has_var,EGFR-p.G719A
DAXX,is_a,DAXX
塞普替尼,treatment,甲状腺癌
FGFR2-TACC3-黑色素瘤,originated_from,黑色素瘤
EZH2-p.A682G-成熟B细胞淋巴瘤,has_var,EZH2-p.A682G
ERBB2,driving_to,非小细胞肺癌
MET-skipping_mut;MET-p.D1228N-小细胞肺癌,has_var,MET-p.D1228N
BRAF-p.V600E-弥漫性胶质瘤,sensitivity_to,selumetinib
多柔比星,inhibition_to,TERT
sapitinib,is_a,sapitinib
WHIM综合征,develop_to,口腔癌
FGFR2-CLIP1-炎性肌纤维母细胞瘤,has_var,FGFR2-CLIP1
PIK3CA-p.W1051*-子宫癌肉瘤/子宫恶性苗勒氏管混合瘤,sensitivity_to,依维莫司
BRAF-p.D594G-结直肠腺癌,resistance_to,曲美替尼
BRAF-p.D594N-胸壁肿瘤,has_var,BRAF-p.D594N
FLT3-p.I836V-骨髓瘤,resistance_to,索拉非尼
ALK-p.C1156Y-肺腺鳞癌,sensitivity_to,洛拉替尼
ALK-p.L1196M;.-ALK-肾癌,originated_from,肾癌
BRAF-p.G466V-肺横纹肌样表型大细胞癌,has_var,BRAF-p.G466V
WT1,cause_to,Frasier综合征
MAP2K1-p.C121S;BRAF-p.V600E-原发灶不明黑色素瘤,originated_from,原发灶不明黑色素瘤
ERBB2,driving_to,卵巢癌
ROS1-p.L2026M-肺癌,has_var,ROS1-p.L2026M
EGFR-p.T790M-肺淋巴上皮瘤样癌,sensitivity_to,U3-1402
BLM,cause_to,Bloom综合征
NBEA-p.S731L,has_gene,NBEA
Li-Fraumeni综合征,develop_to,中枢神经系统/脑部肿瘤
DICER1,cause_to,DICER1综合征
雄激素不敏感综合征,develop_to,乳腺癌
KIT-exon13act-软组织肿瘤,sensitivity_to,瑞派替尼
信迪利单抗,treatment,食管鳞状细胞癌
CARD11-p.E432*,has_gene,CARD11
CLIP1-LTK-肺透明细胞癌,sensitivity_to,洛拉替尼
NIN,driving_to,乳腺癌
ALK-p.I1171T-肺横纹肌样表型大细胞癌,resistance_to,阿来替尼
AIRE-p.R351L,has_gene,AIRE
apitolisib,inhibition_to,PIK3CA
VHL-p.T133N-肾小细胞癌,has_var,VHL-p.T133N
MTAP,cause_to,遗传性骨发育不良与恶变
VHL-p.T133N-未分类的肾细胞癌,sensitivity_to,舒尼替尼
sitravatinib,inhibition_to,DDR2
PPM1D,cause_to,遗传性乳腺癌和卵巢癌综合征（非BRCA）
ALK-p.L1198F;.-ALK-腺泡状横纹肌肉瘤,originated_from,腺泡状横纹肌肉瘤
EGFR-p.E709A;EGFR-p.G719A-肺淋巴上皮瘤样癌,has_var,EGFR-p.G719A
ARID1A,driving_to,结直肠腺癌
FGFR2-p.E566G-巨细胞肺癌,originated_from,巨细胞肺癌
FGFR2-SKI-血管瘤样纤维组织细胞瘤,originated_from,血管瘤样纤维组织细胞瘤
EGFR-p.E709_T710delinsD-鳞状非小细胞肺癌,has_var,EGFR-p.E709_T710delinsD
KIT-p.D816V-原发性骨髓纤维化,originated_from,原发性骨髓纤维化
BRAF-p.V600M;BRAF-p.V600E-促结缔组织增生性黑色素瘤,has_var,BRAF-p.V600M
agerafenib,inhibition_to,BRAF
EGFR,driving_to,毛细胞型星形细胞瘤
BRAF-p.T599K-乳腺癌,has_var,BRAF-p.T599K
ERBB2-Amp;ERBB2-p.E401G-卵巢癌,has_var,ERBB2-p.E401G
MET-skipping_mut;MET-p.L1195V-肾癌,has_var,MET-p.L1195V
FGFR2-TACC3-胆管癌,sensitivity_to,培唑帕尼
VHL-p.T133N-肾细胞癌,has_var,VHL-p.T133N
CTR20191305,include_a,腹膜癌
EGFR-p.L861R;EGFR-p.R776G-肺癌,has_var,EGFR-p.L861R
EGFR-p.L861R;EGFR-p.G719A-肝癌,has_var,EGFR-p.G719A
FGFR2-SHTN1-皮肤癌,has_var,FGFR2-SHTN1
FLT3-p.F691L-纯红系白血病,has_var,FLT3-p.F691L
elraglusib,inhibition_to,GSK3B
EGFR-p.T790M-肺纤毛黏液结节性乳头状肿瘤,sensitivity_to,U3-1402
EML4-ALK-肺基底细胞样大细胞癌,sensitivity_to,ganetespib
NCT01178944,include_a,食管腺癌
SMARCD1,positive_regulated,SMARCA4
ALK-p.L1198F;.-ALK-肺淋巴上皮瘤样癌,has_var,.-ALK
BRAF-p.G606E-小细胞胆囊癌,originated_from,小细胞胆囊癌
AT-101,inhibition_to,BCL2L1
EGFR-p.L861R;EGFR-p.G719A-子宫内膜癌,has_var,EGFR-p.G719A
PTEN-p.R173C;BRAF-p.V600E-结直肠印戒细胞癌,originated_from,结直肠印戒细胞癌
FGFR2-.-胆管癌,sensitivity_to,futibatinib
ALK-p.C1156Y;.-ALK-血管瘤样纤维组织细胞瘤,has_var,.-ALK
ALK-p.L1196M;.-ALK-血管瘤样纤维组织细胞瘤,originated_from,血管瘤样纤维组织细胞瘤
FIIN-1,inhibition_to,FGFR1
KRAS-wildtype-结直肠腺癌,sensitivity_to,呋喹替尼
ALK-p.G1202R;.-ALK-皮肤癌,originated_from,皮肤癌
ALK-p.G1202R;.-ALK-血管瘤样纤维组织细胞瘤,originated_from,血管瘤样纤维组织细胞瘤
CSF1R-p.S55T,has_gene,CSF1R
卡莫司汀,treatment,星形细胞瘤
NCT00004922,include_a,原发灶不明癌
ZFHX3-p.P1190S,has_gene,ZFHX3
PIK3CA-p.W1051*-子宫内膜样癌,has_var,PIK3CA-p.W1051*
EGFR-p.V834L;EGFR-p.L858R-分化差的非小细胞肺癌,has_var,EGFR-p.V834L
MET-skipping_mut;MET-p.D1228N-乳腺癌,originated_from,乳腺癌
FGFR2-.-肝门部胆管癌,sensitivity_to,infigratinib
ADRB1,inhibition_to,血管瘤
EGFR-p.G201C,has_gene,EGFR
PDGFRA-p.D842V-软组织肿瘤,sensitivity_to,达沙替尼
JAK2-p.V617F-肺腺癌,originated_from,肺腺癌
ALK-p.L1196M;.-ALK-小细胞肺癌,has_var,ALK-p.L1196M
pasotuxizumab,inhibition_to,CD3E
BRAF-p.G469V-肾癌,has_var,BRAF-p.G469V
vandetanib,treatment,甲状腺癌
索拉非尼,inhibition_to,CSF1R
ARID1A,driving_to,毛细胞型星形细胞瘤
MET-skipping_mut;MET-p.D1228N-小细胞肺癌,originated_from,小细胞肺癌
伊鲁阿克,inhibition_to,ALK
EML4-ALK-肺腺鳞癌,sensitivity_to,ganetespib
FGFR2-p.T370_A371delinsC-胆管癌,sensitivity_to,仑伐替尼
NRAS-p.Q61-肢端黑色素瘤,sensitivity_to,RO5126766
放线菌素D,treatment,Wilms瘤)
BRAF-p.T599K;ERBB2-High_exp-乳腺癌(HER2阳性),has_var,BRAF-p.T599K
ALK-p.L1198F;.-ALK-肺癌,originated_from,肺癌
PALB2,cause_to,遗传性前列腺癌
司莫司汀,treatment,淋巴瘤
CSF1R-p.Y546_K551del-乳头肿瘤,originated_from,乳头肿瘤
sotorasib,treatment,非小细胞肺癌
NCT03501979,include_a,脑膜瘤
NCT02264210,include_a,肺腺鳞癌
BRAF-p.V600-鳞状非小细胞肺癌,sensitivity_to,ulixertinib
EBI-907,inhibition_to,RET
rucaparib,treatment,输卵管癌
达卡巴嗪,treatment,黑色素瘤
NCT03427411,include_a,阴茎癌
FGFR2-SKI-皮肤癌,has_var,FGFR2-SKI
EGFR-p.T790M-肺梭形细胞癌,sensitivity_to,U3-1402
MAP2K1-p.Q56_V60del-卵巢上皮肿瘤,sensitivity_to,selumetinib
KRAS,is_a,KRAS
ALK,is_a,ALK
遗传性弥漫性胃癌,develop_to,胃癌
PBRM1,driving_to,食管癌
meccnu,is_a,司莫司汀
TPX-0131,inhibition_to,ALK
CSF1R-p.Y546_K551del-宫颈癌,has_var,CSF1R-p.Y546_K551del
ALK-p.I1171T-肺腺样囊性癌,resistance_to,阿来替尼
ALK-p.L1198F;.-ALK-胰腺癌,originated_from,胰腺癌
HGS1036,inhibition_to,FGFR3
比卡鲁胺,inhibition_to,AR
EZH2-p.A682G-十二指肠型滤泡性淋巴瘤(DFL),has_var,EZH2-p.A682G
ALK-p.L1196M-肺腺鳞癌,resistance_to,克唑替尼
CSF1R-p.Y546_K551del-肺癌,originated_from,肺癌
MAP2K1-p.Q56_V60del-卵巢/输卵管癌,sensitivity_to,selumetinib
CSF1R-p.W450_E456del-宫颈内腺癌,has_var,CSF1R-p.W450_E456del
MET-skipping_mut;MET-p.L1195V-乳头肿瘤,originated_from,乳头肿瘤
CSF1R-p.Y546_K551del-食管癌,originated_from,食管癌
奥希替尼,inhibition_to,EGFR
FGFR2-CLIP1-黑色素瘤,originated_from,黑色素瘤
ALK-p.V1180L;.-ALK-非粘液性肺腺癌,has_var,ALK-p.V1180L
EGFR-p.E746_L747delinsIP;EGFR-p.S1190F-肺癌,sensitivity_to,阿法替尼
CSF1R-p.W450_E456del-乳腺癌,originated_from,乳腺癌
ALK-p.V1180L;.-ALK-肺基底细胞样大细胞癌,sensitivity_to,布格替尼
BM-1197,inhibition_to,BCL2L1
ALK-p.L1196M;.-ALK-腺泡状横纹肌肉瘤,has_var,.-ALK
长春碱,treatment,乳腺癌
RAPADILINO综合征,develop_to,骨肉瘤
BRAF-p.V600E-甲状腺癌,sensitivity_to,维莫非尼
培美曲塞,treatment,非鳞状非小细胞肺癌
FGFR2-.-胆管癌,sensitivity_to,derazantinib
BRAF-p.T599K-乳腺实性乳头状癌,has_var,BRAF-p.T599K
ROS1-p.L2026M-非鳞状非小细胞肺癌,originated_from,非鳞状非小细胞肺癌
EGFR-p.I759M;EGFR-p.L858R-非小细胞肺癌,has_var,EGFR-p.L858R
ALK-p.L1196M;.-ALK-胰腺癌,has_var,ALK-p.L1196M
ALK-p.I1171T-肺腺鳞癌,has_var,ALK-p.I1171T
EZH2-p.A682G-非霍奇金淋巴瘤,originated_from,非霍奇金淋巴瘤
FGFR2-TACC3-皮肤癌,has_var,FGFR2-TACC3
tepotinib,inhibition_to,MET
PCDH17,driving_to,胆管癌
EGFR-exon19del-非鳞状非小细胞肺癌,sensitivity_to,阿法替尼
BRAF,driving_to,非小细胞肺癌
CTR20210952,include_a,肺癌
BRAF-p.G466V-非小细胞肺癌,has_var,BRAF-p.G466V
NRAS-wildtype;KRAS-wildtype;BRAF-wildtype-结直肠腺癌,sensitivity_to,呋喹替尼
MYC,is_a,MYC
二甲双胍,inhibition_to,MTOR
EGFR-p.I759M;EGFR-p.L858R-肺癌,has_var,EGFR-p.I759M
VHL-inact-非透明细胞肾癌,sensitivity_to,阿昔替尼
BRAF-p.D594G-直肠癌,resistance_to,曲美替尼
MET-skipping_mut;MET-p.L1195V-宫颈内腺癌,has_var,MET-p.L1195V
BMS-754807,inhibition_to,NTRK1
FGFR2-p.H167_N173del-胆管癌,sensitivity_to,debio 1347
MET-skipping_mut;MET-p.D1228N-宫颈内腺癌,originated_from,宫颈内腺癌
CSF1R-p.W450_E456del-胰腺癌,originated_from,胰腺癌
hemay022,inhibition_to,EGFR
CSF1R-p.W450_E456del-肺腺癌,has_var,CSF1R-p.W450_E456del
EGFR-p.E709G;EGFR-p.L858R-肺涎腺型肿瘤,sensitivity_to,厄洛替尼
ALK-p.I1171T-分化差的非小细胞肺癌,resistance_to,阿来替尼
BRAF-p.G606E-巨球蛋白血症(WM),originated_from,巨球蛋白血症(WM)
FGFR2-p.H167_N173del-胆道癌,has_var,FGFR2-p.H167_N173del
特瑞普利单抗,treatment,食管鳞状细胞癌
BRAF-p.N581S-非小细胞肺癌,has_var,BRAF-p.N581S
NCT03982173,include_a,食管腺癌
EGFR-p.V60A,has_gene,EGFR
BRAF-p.V600-非小细胞肺癌,sensitivity_to,ulixertinib
ALK-p.G1202R;.-ALK-宫颈癌,originated_from,宫颈癌
CSF1R-p.Y546_K551del-肝癌,has_var,CSF1R-p.Y546_K551del
BRAF-p.Y472C-非粘液性肺腺癌,has_var,BRAF-p.Y472C
VHL-inact-非透明细胞肾癌,sensitivity_to,依维莫司
PGR-High_exp;BRAF-p.T599K;ESR1-High_exp;ERBB2-High_exp-乳腺癌(HR阳性,HER2阳性),has_var,BRAF-p.T599K
PDGFRA-p.N659K-胸膜癌,has_var,PDGFRA-p.N659K
PIK3CA-p.H1047R-卵巢癌,has_var,PIK3CA-p.H1047R
CTR20191996,include_a,前列腺癌
NCT02962063,include_a,食管腺癌
EGFR-p.V834L;EGFR-p.L858R-肺鳞状细胞癌,has_var,EGFR-p.V834L
塞普替尼,inhibition_to,RET
ALK-p.L1198F;.-ALK-胰腺神经内分泌瘤,originated_from,胰腺神经内分泌瘤
仑伐替尼,treatment,甲状腺癌
PDGFRA-exon12act-软组织肿瘤,sensitivity_to,瑞派替尼
维莫非尼,inhibition_to,BRAF
EGFR-p.E746_L747delinsIP;EGFR-p.S1190F-肺癌,has_var,EGFR-p.E746_L747delinsIP
NTRK3-p.G623R-唾液腺癌,resistance_to,恩曲替尼
BRAF-p.D594N-胸膜癌,originated_from,胸膜癌
ERBB2-Amp;ERBB2-p.E401G-胰腺癌,originated_from,胰腺癌
ERBB2-Amp;ERBB2-p.E401G-子宫内膜癌,has_var,ERBB2-p.E401G
CTR20132352,include_a,肺癌
CTR20221327,include_a,非小细胞肺癌
CSF1R-p.W450_E456del-小细胞肺癌,has_var,CSF1R-p.W450_E456del
ERBB2-Amp;ERBB2-p.E401G-宫颈癌,originated_from,宫颈癌
ALK-p.L1196M;.-ALK-甲状腺癌,has_var,ALK-p.L1196M
MET,driving_to,乳头状肾细胞癌
克唑替尼,inhibition_to,ALK
PIK3CA-p.W1051*-子宫去分化癌,has_var,PIK3CA-p.W1051*
NCT01332279,include_a,口腔癌
EGFR-exon19del-非鳞状非小细胞肺癌,sensitivity_to,达可替尼
CARD11-p.P513T,has_gene,CARD11
EZH2-p.A682G-淋巴癌,originated_from,淋巴癌
EGFR-p.S768I;EGFR-p.V774M-肺基底细胞样大细胞癌,has_var,EGFR-p.S768I
CSF1R-p.Y546_K551del-宫颈内腺癌,has_var,CSF1R-p.Y546_K551del
FGFR1-p.T698M,has_gene,FGFR1
TPX-0046,inhibition_to,RET
ALK-p.C1156Y;.-ALK-皮肤癌,originated_from,皮肤癌
氟唑帕利,treatment,卵巢癌
belvarafenib,inhibition_to,DDR2
ERBB2-p.D769Y-膀胱/尿路癌,has_var,ERBB2-p.D769Y
EGFR-p.L861R;EGFR-p.G719A-肺腺癌,has_var,EGFR-p.L861R
FGFR2-SKI-T淋巴细胞白血病/淋巴瘤,originated_from,T淋巴细胞白血病/淋巴瘤
肿瘤易感综合征,develop_to,肺腺癌
BRAF-p.D594N-巨球蛋白血症(WM),has_var,BRAF-p.D594N
安罗替尼,treatment,甲状腺癌
ALK-p.C1156Y;.-ALK-炎性肌纤维母细胞瘤,has_var,.-ALK
BRAF-p.D594N-鞍区肿瘤,has_var,BRAF-p.D594N
FGFR3-TACC3-T淋巴细胞白血病/淋巴瘤,originated_from,T淋巴细胞白血病/淋巴瘤
.-FGFR1-软组织肿瘤,originated_from,软组织肿瘤
依维莫司,treatment,肺神经内分泌瘤
NCT04386642,include_a,脑膜瘤
MET-p.D1230N-胰腺囊性肿瘤,has_var,MET-p.D1230N
NCT00058448,include_a,阴茎癌
EGFR-p.L861R;EGFR-p.G719A-肾癌,originated_from,肾癌
KIT-p.D816V-子宫平滑肌肉瘤,has_var,KIT-p.D816V
EGFR-p.E709A;EGFR-p.G719A-肺纤毛黏液结节性乳头状肿瘤,sensitivity_to,阿法替尼
EGFR-p.E709V;EGFR-p.L858R-肺涎腺型肿瘤,sensitivity_to,吉非替尼
FGFR1,positive_regulated,HRAS
FGFR3-TACC3-胰腺神经内分泌瘤,has_var,FGFR3-TACC3
SB590885,inhibition_to,BRAF
TGFBR2,positive_regulated,DAXX
索拉非尼,treatment,肝细胞癌
FLT3-p.D835Y-乳头肿瘤,has_var,FLT3-p.D835Y
ALK-p.G1202R;.-ALK-腺泡状横纹肌肉瘤,has_var,.-ALK
阿柔比星,treatment,急性淋巴细胞白血病
CTR20190450,include_a,黑色素瘤
FGFR2-p.F276C-肝外胆管癌,sensitivity_to,佩米替尼
ENPEP,driving_to,肠癌
FGFR1-p.R488S,has_gene,FGFR1
NRAS-p.Q61-皮肤癌,sensitivity_to,RO5126766
AIRE-c.*79C>G,has_gene,AIRE
硝卡芥,treatment,淋巴瘤
ALK-p.L1198F;.-ALK-子宫内膜癌,originated_from,子宫内膜癌
CTR20170612,include_a,腹膜癌
EGFR-p.L861R;EGFR-p.G719A-星形细胞瘤,originated_from,星形细胞瘤
GSK864,inhibition_to,IDH1
ALK-p.L1196M-肺横纹肌样表型大细胞癌,resistance_to,克唑替尼
EGFR-p.E709_T710delinsD-非粘液性肺腺癌,sensitivity_to,达可替尼
FGFR2-p.E566G-巨细胞肺癌,has_var,FGFR2-p.E566G
radotinib,inhibition_to,ABL1
nadofaragene firadenovec-vncg,treatment,膀胱尿路上皮癌
依维莫司,treatment,肾血管平滑肌脂肪瘤
MET-skipping_mut;MET-p.L1195V-乳头肿瘤,has_var,MET-p.L1195V
MAP2K1-p.L98_K104delinsQ-骨髓瘤,resistance_to,曲美替尼
ARID1A,driving_to,宫颈鳞状细胞癌
ALK-p.L1196M-肺腺鳞癌,has_var,ALK-p.L1196M
PIK3CA-p.H1047R-胃肠间质瘤,has_var,PIK3CA-p.H1047R
PDGFRA-p.N659K-胰腺囊性肿瘤,originated_from,胰腺囊性肿瘤
MET-skipping_mut;MET-p.L1195V-肝癌,originated_from,肝癌
曲美替尼,inhibition_to,MAP2K2
FGFR2-p.F276C-肝门部胆管癌,sensitivity_to,佩米替尼
EGFR-p.L861R;EGFR-p.G719A-子宫内膜癌,originated_from,子宫内膜癌
PIK3CA-p.W1051*-子宫黏液癌,sensitivity_to,依维莫司
JAK2-p.V617F-甲状腺癌,originated_from,甲状腺癌
FGFR1-p.S690G,has_gene,FGFR1
FLT3-p.F691L-AML伴NPM1突变,has_var,FLT3-p.F691L
ERBB2,driving_to,胆管癌
BRAF,driving_to,甲状腺癌
ALK-p.G1202R;.-ALK-黑色素瘤,originated_from,黑色素瘤
danazol,inhibition_to,AR
ALK-p.L1196M-大细胞肺癌,resistance_to,克唑替尼
ERBB2-Amp;ERBB2-p.E401G-乳头肿瘤,originated_from,乳头肿瘤
AKT1-p.R76S,has_gene,AKT1
MET-skipping_mut;MET-p.L1195V-星形细胞瘤,has_var,MET-p.L1195V
FBXW7,driving_to,乳腺癌
卡莫司汀,treatment,颅咽管瘤
Bloom综合征,develop_to,皮肤癌
FGFR1-p.T15K,has_gene,FGFR1
博来霉素,treatment,绒毛膜癌
BRAF-p.D594N-胰腺囊性肿瘤,has_var,BRAF-p.D594N
BRAF-p.Y472C-肺多形性癌,sensitivity_to,达沙替尼
pafolacianine,treatment,卵巢癌
CSF1R-p.W450_E456del-宫颈癌,has_var,CSF1R-p.W450_E456del
BRCA2,synthetic_lethality,PARP2
debio 0617b,inhibition_to,ABL1
ALK-p.L1198F;.-ALK-软组织肿瘤,originated_from,软组织肿瘤
FGFR2-SHTN1-黑色素瘤,has_var,FGFR2-SHTN1
CTR20200594,include_a,胰腺癌
埃克替尼,is_a,埃克替尼
肝癌,is_a,肝癌
NCT04425681,include_a,脑膜瘤
EGFR,driving_to,结直肠腺癌
MET-skipping_mut;MET-p.D1228N-肝癌,has_var,MET-p.D1228N
ALK-p.L1196M-肺鳞状细胞癌,resistance_to,克唑替尼
FGFR2-SHTN1-胰腺神经内分泌瘤,has_var,FGFR2-SHTN1
JAK2-p.V617F-卵巢癌,originated_from,卵巢癌
替加氟,treatment,肾细胞癌
阿柔比星,treatment,淋巴癌
KIT-p.D816V-巨球蛋白血症(WM),originated_from,巨球蛋白血症(WM)
FGFR2-TACC3-血管瘤样纤维组织细胞瘤,originated_from,血管瘤样纤维组织细胞瘤
panitumumab,is_a,panitumumab
ALK-p.G1269A;.-ALK-大细胞肺癌,sensitivity_to,阿来替尼
信迪利单抗,treatment,胃癌
EGFR-p.D807V,has_gene,EGFR
VHL-p.T133N-透明细胞乳头状肾细胞癌,originated_from,透明细胞乳头状肾细胞癌
ERBB2-Low_exp;PIK3CA-p.H1047R;ESR1-High_exp-乳腺癌(HR阳性，HER2阴性),has_var,PIK3CA-p.H1047R
ALK-p.I1171T-肺横纹肌样表型大细胞癌,has_var,ALK-p.I1171T
FGFR3-p.S249C-膀胱/尿路癌,sensitivity_to,培唑帕尼
FGFR3-TACC3-血管瘤样纤维组织细胞瘤,originated_from,血管瘤样纤维组织细胞瘤
.-ALK-肺腺鳞癌,sensitivity_to,洛拉替尼
MET-skipping_mut;MET-p.L1195V-卵巢癌,originated_from,卵巢癌
CTR20212728,include_a,食管腺癌
ERCC2,cause_to,着色性干皮病
CSF1R-p.Y546_K551del-宫颈内腺癌,originated_from,宫颈内腺癌
CTR20221466,include_a,非小细胞肺癌
NCOR1,is_a,NCOR1
FLT3-p.I836H-骨髓瘤,resistance_to,索拉非尼
EZH2-p.A682G-淋巴瘤,has_var,EZH2-p.A682G
CTR20190450,include_a,FCN-159
BAY1436032,inhibition_to,IDH1
EGFR-p.V834L;EGFR-p.L858R-巨细胞肺癌,originated_from,巨细胞肺癌
贝伐珠单抗,treatment,胶质瘤
ALK-p.L1198F;.-ALK-T淋巴细胞白血病/淋巴瘤,has_var,.-ALK
XZP-3621,inhibition_to,ALK
EGFR-p.S768I;EGFR-p.V774M-肺透明细胞癌,has_var,EGFR-p.V774M
PALB2,cause_to,家族聚集性胰腺癌
JAK2-p.V617F-星形细胞瘤,originated_from,星形细胞瘤
ALK-p.C1156Y;.-ALK-炎性肌纤维母细胞瘤,originated_from,炎性肌纤维母细胞瘤
FBXW7,driving_to,胃腺癌
NCOA4-RET;EGFR-p.L858R-肺淋巴上皮瘤样癌,has_var,NCOA4-RET
EGFR-p.E709A;EGFR-p.G719A-肺基底细胞样大细胞癌,has_var,EGFR-p.G719A
多柔比星,treatment,甲状腺癌
BRAF-p.V600-非鳞状非小细胞肺癌,sensitivity_to,ulixertinib
GS87,inhibition_to,GSK3B
BRAF-p.G469V-肺纤毛黏液结节性乳头状肿瘤,sensitivity_to,索拉非尼
MAP2K1-p.L98_K104delinsQ-髓系肿瘤,resistance_to,曲美替尼
BRAF-p.G606E-原发性骨髓纤维化,has_var,BRAF-p.G606E
ALK-p.V1180L;.-ALK-肺纤毛黏液结节性乳头状肿瘤,has_var,ALK-p.V1180L
(-)BI97D6,inhibition_to,BCL2L1
FGFR2-Amp-肺涎腺型肿瘤,sensitivity_to,rogaratinib
JAK2-p.V617F-腺样囊性癌,has_var,JAK2-p.V617F
FGFR2-MGEA5-胆管癌,sensitivity_to,ponatinib
NRAS-act;CDKN2A-Loss-皮肤癌,sensitivity_to,阿贝西利
阿替利珠单抗,treatment,小细胞肺癌
lucitanib,inhibition_to,DDR2
克唑替尼,inhibition_to,ROS1
NRAS-act-皮肤癌,sensitivity_to,belvarafenib
BRAF,driving_to,肺鳞状细胞癌
CTR20180569,include_a,腹膜癌
幼年性息肉病综合征,develop_to,结直肠癌
KIT-p.D816V-胸壁肿瘤,originated_from,胸壁肿瘤
PTEN-p.R173C;BRAF-p.V600E-结直肠癌,has_var,PTEN-p.R173C
ALK-p.C1156Y;.-ALK-软组织肿瘤,has_var,.-ALK
FGFR3-p.S249C-上尿路上皮癌,has_var,FGFR3-p.S249C
KIT-exon11act-软组织肿瘤,sensitivity_to,瑞派替尼
FGFR2-p.P253R-头颈部鳞状细胞癌,sensitivity_to,培唑帕尼
EGFR-p.E709G;EGFR-p.L858R-肺透明细胞癌,has_var,EGFR-p.E709G
BRAF-p.G466V-肺黏液表皮样癌,resistance_to,维莫非尼
VHL-p.T133N-透明细胞乳头状肾细胞癌,has_var,VHL-p.T133N
PHA-533533,inhibition_to,GSK3B
CTR20171139,include_a,胰腺癌
LIG4,cause_to,家族性聚集多发性骨髓瘤
EGFR-p.E709A;EGFR-p.G719A-肺涎腺型肿瘤,sensitivity_to,阿法替尼
EGFR-exon19del-非鳞状非小细胞肺癌,sensitivity_to,吉非替尼
FGFR2-SKI-腺泡状横纹肌肉瘤,originated_from,腺泡状横纹肌肉瘤
FGFR2-p.E566G-胸壁肿瘤,originated_from,胸壁肿瘤
BRAF-p.T599K-乳腺交界性叶状肿瘤,originated_from,乳腺交界性叶状肿瘤
BRAF-p.G606E-小细胞胆囊癌,has_var,BRAF-p.G606E
PDGFRA-p.D842V-软组织肿瘤,sensitivity_to,阿伐替尼
BRAF-p.D594G-结直肠黏液腺癌,resistance_to,曲美替尼
FGFR2-p.E566G-盆腔肿瘤,originated_from,盆腔肿瘤
家族性副神经节瘤,develop_to,嗜铬细胞瘤
MET-skipping_mut;MET-p.L1195V-肾癌,originated_from,肾癌
BRAF-p.D594G-肠癌,has_var,BRAF-p.D594G
EGFR-p.E709A;EGFR-p.G719A-非粘液性肺腺癌,has_var,EGFR-p.G719A
CTR20170196,include_a,肝癌
KIT-p.T670I-软组织肿瘤,resistance_to,阿伐替尼
ERBB2-Amp;ERBB2-p.E401G-乳腺癌,has_var,ERBB2-p.E401G
MET-skipping_mut;MET-p.D1228N-肺腺癌,originated_from,肺腺癌
家族性副神经节瘤,develop_to,副神经节瘤
FGFR2-p.E566G-子宫平滑肌肉瘤,originated_from,子宫平滑肌肉瘤
MET-skipping_mut;MET-p.L1195V-肺腺癌,originated_from,肺腺癌
uterus,is_a,子宫肿瘤
ERBB2-p.Y772_A775dup-鳞状非小细胞肺癌,sensitivity_to,吡咯替尼
CSF1R-p.Y546_K551del-乳腺癌,has_var,CSF1R-p.Y546_K551del
阿地白介素,treatment,黑色素瘤
FGFR2-p.E566G-原发性骨髓纤维化,originated_from,原发性骨髓纤维化
bleomicin,is_a,博来霉素
.-FGFR1-血管瘤样纤维组织细胞瘤,originated_from,血管瘤样纤维组织细胞瘤
CARD11-p.P295S,has_gene,CARD11
贝伐珠单抗[贝达药业],treatment,非鳞状非小细胞肺癌
MET-p.D1230N-子宫平滑肌肉瘤,originated_from,子宫平滑肌肉瘤
FGFR2-SKI-盆腔肿瘤,originated_from,盆腔肿瘤
达可替尼,inhibition_to,ERBB2
KIT-p.D816V-小细胞胆囊癌,has_var,KIT-p.D816V
EGFR-p.V1011G,has_gene,EGFR
EGFR-p.E709_T710delinsD-肺纤毛黏液结节性乳头状肿瘤,has_var,EGFR-p.E709_T710delinsD
PIK3CA-p.H1047R-软组织肿瘤,originated_from,软组织肿瘤
PML,is_a,PML
KRAS-act-结直肠腺癌,sensitivity_to,贝伐珠单抗
BRAF-p.D594N-盆腔肿瘤,originated_from,盆腔肿瘤
帕博利珠单抗,treatment,胃癌
ABI1,driving_to,食管癌
EGFR-p.V834L;EGFR-p.L858R-分化差的非小细胞肺癌,originated_from,分化差的非小细胞肺癌
ALK-p.G1202R;.-ALK-T淋巴细胞白血病/淋巴瘤,originated_from,T淋巴细胞白血病/淋巴瘤
BRAF-p.V600E-组织细胞和树突状细胞肿瘤,has_var,BRAF-p.V600E
EGFR-p.T790M-鳞状非小细胞肺癌,has_var,EGFR-p.T790M
APG-1252,inhibition_to,BCL2L1
EGFR-p.L861R;EGFR-p.R776G-肺癌,sensitivity_to,阿法替尼
ERBB2,is_a,ERBB2
VHL-p.T133N-非透明细胞肾癌,sensitivity_to,舒尼替尼
瑞戈非尼,inhibition_to,BRAF
ALK-p.G1202R;.-ALK-乳头肿瘤,originated_from,乳头肿瘤
卡培他滨,treatment,结肠癌
CTR20132320,include_a,胰腺癌
NCT03431948,include_a,原发灶不明癌
BRAF-p.V600M;BRAF-p.V600E-皮肤黑色素瘤,has_var,BRAF-p.V600M
曲妥珠单抗,is_a,曲妥珠单抗
BRAF-p.G469R-肺癌,has_var,BRAF-p.G469R
FLT3-p.F691L-AML伴NPM1突变,sensitivity_to,舒尼替尼
EGFR-p.T382S,has_gene,EGFR
motesanib,inhibition_to,RET
KIT-exon11act-软组织肿瘤,sensitivity_to,达沙替尼
FGFR2-TACC3-炎性肌纤维母细胞瘤,has_var,FGFR2-TACC3
PIK3CA-p.H1047R-胃肠间质瘤,originated_from,胃肠间质瘤
PLAG1-p.V18A,has_gene,PLAG1
ALK-p.L1196M;.-ALK-食管癌,has_var,ALK-p.L1196M
放线菌素D,treatment,肿瘤、生殖细胞和胚胎
ROS1-p.L2086F;CD74-ROS1-肺淋巴上皮瘤样癌,has_var,CD74-ROS1
FGFR2-TACC3-T淋巴细胞白血病/淋巴瘤,originated_from,T淋巴细胞白血病/淋巴瘤
尼达尼布,inhibition_to,FGFR3
trastuzumab-dkst,treatment,胃癌
伊匹木单抗,treatment,食管鳞状细胞癌
JAK2-p.V617F-胰腺癌,has_var,JAK2-p.V617F
BRAF-p.G466V-肺癌,resistance_to,维莫非尼
FGFR2-act-肝内胆管癌,sensitivity_to,infigratinib
PTEN-p.R173C;BRAF-p.V600E-直肠腺癌,has_var,PTEN-p.R173C
.-FGFR1-黑色素瘤,originated_from,黑色素瘤
POMK-NRG1-原位结肠腺癌,sensitivity_to,阿法替尼
WZ4002,inhibition_to,EGFR
卡莫司汀,treatment,胶质瘤
FGFR4,driving_to,胶质母细胞瘤
PDGFRA,cause_to,家族性胃肠道间质瘤
MET-skipping_mut;MET-p.D1228N-腺样囊性癌,originated_from,腺样囊性癌
POLD1,driving_to,乳腺癌
AIRE-p.F100S,has_gene,AIRE
PIK3CA-p.W1051*-子宫中肾管样癌,sensitivity_to,依维莫司
FLT3-p.F691L-AML伴t(8；21)(q22；q22.1)；RUNX1-RUNX1T1,has_var,FLT3-p.F691L
ARID1A,driving_to,食管癌
ERBB2-Amp;ERBB2-p.E401G-甲状腺癌,originated_from,甲状腺癌
FGFR3-p.S249C-膀胱/尿路癌,sensitivity_to,dovitinib
CSF1R-p.S190G,has_gene,CSF1R
ALK-p.G1269A;.-ALK-肺NUT中线癌,has_var,ALK-p.G1269A
ALK-p.I1171T-肺腺鳞癌,sensitivity_to,恩沙替尼
VS-5584,inhibition_to,PIK3CA
EGFR,driving_to,低级别神经胶质瘤
VHL-inact-非透明细胞肾癌,sensitivity_to,舒尼替尼
PTEN-Loss-子宫未分化癌,sensitivity_to,奥拉帕利
ERBB2,driving_to,乳头状肾细胞癌
达可替尼,is_a,达可替尼
NCT04171141,include_a,食管腺癌
GTx-186,inhibition_to,NTRK1
.-FGFR1-盆腔肿瘤,has_var,.-FGFR1
ARID1A,driving_to,胃腺癌
BRAF-p.V600E-骨髓瘤,sensitivity_to,维莫非尼
NIN,driving_to,结直肠腺癌
PGR-High_exp;ERBB2-Low_exp;PIK3CA-p.H1047R-乳腺癌(HR阳性，HER2阴性),has_var,PIK3CA-p.H1047R
RF-A089,inhibition_to,ALK
BRAF-p.V600M;BRAF-p.V600E-Spitz样黑色素瘤,has_var,BRAF-p.V600M
FGFR2-p.E566G-鞍区肿瘤,originated_from,鞍区肿瘤
EGFR-exon19del-非鳞状非小细胞肺癌,sensitivity_to,埃克替尼
ALK-p.L1196M;.-ALK-乳头肿瘤,has_var,ALK-p.L1196M
BRAF-p.G606E-胸壁肿瘤,originated_from,胸壁肿瘤
KMT2A-MLLT1,has_3gene,MLLT1
ALK-p.C1156Y;.-ALK-软组织肿瘤,originated_from,软组织肿瘤
CSF1R-p.Y546_K551del-宫颈癌,originated_from,宫颈癌
BRAF-p.V600E-甲状腺癌,sensitivity_to,selumetinib
detorsertib,inhibition_to,MTOR
NTRK3-p.G623R-唾液腺癌,has_var,NTRK3-p.G623R
EGFR-p.L861R;EGFR-p.G719A-肺腺癌,has_var,EGFR-p.G719A
ERBB2-Amp;ERBB2-p.E401G-小细胞肺癌,has_var,ERBB2-p.E401G
小儿巨脑畸形综合征,develop_to,血液肿瘤
BRAF-p.D594N-胰腺囊性肿瘤,originated_from,胰腺囊性肿瘤
EZH2-p.A682G-滤泡性淋巴瘤(FL),has_var,EZH2-p.A682G
CHEK2,cause_to,遗传性乳腺癌和卵巢癌综合征（非BRCA）
PPNAD1,is_a,PRKAR1A
FGFR2-.-肝内胆管癌,sensitivity_to,erdafitinib
VHL-p.T133N-肾集合管癌,originated_from,肾集合管癌
EZH2-p.A682G-十二指肠型滤泡性淋巴瘤(DFL),originated_from,十二指肠型滤泡性淋巴瘤(DFL)
NCT00040794,include_a,肺腺鳞癌
EGFR-p.E709V;EGFR-p.L858R-肺基底细胞样大细胞癌,sensitivity_to,吉非替尼
CSF1R-p.W450_E456del-肝癌,has_var,CSF1R-p.W450_E456del
贝伐珠单抗,treatment,肝细胞癌
ALK-p.V1180L;.-ALK-非粘液性肺腺癌,sensitivity_to,布格替尼
NCT04595786,include_a,脑膜瘤
NCT00103259,include_a,口腔癌
EGFR-exon19del;RUFY2-RET-肺淋巴上皮瘤样癌,originated_from,肺淋巴上皮瘤样癌
BRAF-p.G466V-肺癌,resistance_to,曲美替尼
BRAF-p.V600E-弥漫性胶质瘤,has_var,BRAF-p.V600E
ERBB2-Amp;ERBB2-p.E401G-肝癌,originated_from,肝癌
苯丙酸诺龙,treatment,乳腺癌
奥拉帕利,treatment,卵巢癌
EGFR-p.E709G;EGFR-p.L858R-肺涎腺型肿瘤,has_var,EGFR-p.E709G
PHB,cause_to,遗传性乳腺癌和卵巢癌综合征（非BRCA）
EGFR-p.E709_T710delinsD-肺梭形细胞癌,sensitivity_to,达可替尼
环丙孕酮,inhibition_to,AR
BRAF-p.D594N-巨球蛋白血症(WM),originated_from,巨球蛋白血症(WM)
ALK-p.L1196M;.-ALK-卵巢癌,originated_from,卵巢癌
NF2,cause_to,2型神经纤维瘤病
EGFR-p.S768I;EGFR-p.V774M-肺涎腺型肿瘤,sensitivity_to,奥希替尼
MET-skipping_mut;MET-p.D1228N-甲状腺癌,has_var,MET-p.D1228N
PDGFRA-p.D842V-软组织肿瘤,sensitivity_to,olaratumab
EGFR-p.E709A;EGFR-p.G719A-肺梭形细胞癌,has_var,EGFR-p.G719A
ALK-p.G1202R;.-ALK-食管癌,has_var,ALK-p.G1202R
ALK-p.L1198F;.-ALK-子宫内膜癌,has_var,ALK-p.L1198F
FGFR3-TACC3-皮肤癌,has_var,FGFR3-TACC3
ALK-p.G1202R;.-ALK-食管癌,originated_from,食管癌
PDGFRA-p.D842V-软组织肿瘤,has_var,PDGFRA-p.D842V
BRAF-p.V600E-中枢神经系统/脑部肿瘤,sensitivity_to,selumetinib
PTEN-p.R173C;BRAF-p.V600E-原位结肠腺癌,originated_from,原位结肠腺癌
KIT-exon17act-软组织肿瘤,sensitivity_to,瑞派替尼
JW55,inhibition_to,TNKS
Cowden综合征1型,develop_to,子宫肿瘤
EGFR,driving_to,骨髓瘤
ALK-p.C1156Y-巨细胞肺癌,sensitivity_to,洛拉替尼
PIK3CA-p.E542K-卵巢浆-黏液性癌,sensitivity_to,apitolisib
PRKAR1A,driving_to,毛细胞型星形细胞瘤
avelumab,treatment,尿路上皮癌
BRAF-p.V600E-中枢神经系统/脑部肿瘤,sensitivity_to,维莫非尼
MET-p.D1230N-巨球蛋白血症(WM),has_var,MET-p.D1230N
PCDH17-p.S240I,has_gene,PCDH17
ALK-p.F1174V-巨细胞肺癌,sensitivity_to,阿来替尼
CHEK2,cause_to,遗传性前列腺癌
MET-p.D1230N-原发性骨髓纤维化,has_var,MET-p.D1230N
LXH254,inhibition_to,BRAF
家族性副神经节瘤,develop_to,肾癌
dtie,is_a,达卡巴嗪
NRAS-wildtype;KRAS-wildtype;BRAF-wildtype-结直肠腺癌,sensitivity_to,panitumumab
FGFR2-TACC3-胰腺神经内分泌瘤,has_var,FGFR2-TACC3
CTR20221554,include_a,非小细胞肺癌
KIT-p.T670I-软组织肿瘤,sensitivity_to,舒尼替尼
BRAF-p.N581S-肺癌,has_var,BRAF-p.N581S
EGFR-p.L858R;CTNNB1-act;EGFR-p.E709-非小细胞肺癌,has_var,EGFR-p.L858R
PDGFRA-p.N659K-胸壁肿瘤,originated_from,胸壁肿瘤
EGFR-p.E709_T710delinsD-肺基底细胞样大细胞癌,sensitivity_to,达可替尼
ALK-p.L1196M-非鳞状非小细胞肺癌,resistance_to,克唑替尼
卡培他滨,treatment,乳腺癌
XAV-939,inhibition_to,TNKS
KIT-p.D816V-盆腔肿瘤,has_var,KIT-p.D816V
MET-skipping_mut;MET-p.L1195V-子宫内膜癌,originated_from,子宫内膜癌
PIK3CA-p.W1051*-子宫黏液癌,has_var,PIK3CA-p.W1051*
KIT-exon9act-软组织肿瘤,sensitivity_to,阿伐替尼
CTR20150343,include_a,肝癌
EGFR-p.L861R;EGFR-p.G719A-星形细胞瘤,has_var,EGFR-p.G719A
BRAF-p.G469V-肺多形性癌,has_var,BRAF-p.G469V
MET-skipping_mut;MET-p.L1195V-肺癌,originated_from,肺癌
ALK-p.L1196M-巨细胞肺癌,has_var,ALK-p.L1196M
EGFR-p.L861R;EGFR-p.G719A-肾癌,has_var,EGFR-p.G719A
ERBB2,driving_to,食管癌
FLT3-p.D835Y-卵巢癌,has_var,FLT3-p.D835Y
CTR20131423,include_a,前列腺癌
PDGFRA-p.N659K-胸膜癌,originated_from,胸膜癌
PDGFRA-exon12act-软组织肿瘤,sensitivity_to,伊马替尼
PTEN-p.R173C;BRAF-p.V600E-结直肠印戒细胞癌,has_var,PTEN-p.R173C
塞替派,treatment,乳腺癌
ERBB2-p.Y772_A775dup-分化差的非小细胞肺癌,sensitivity_to,恩美曲妥珠单抗
EGFR-p.T790M-肺多形性癌,has_var,EGFR-p.T790M
NCT00289445,include_a,原发灶不明癌
PCDH17-p.R732H,has_gene,PCDH17
SMAD2,driving_to,乳腺癌
BRAF-p.V600E-高分化甲状腺癌,has_var,BRAF-p.V600E
AKT1-p.S129L,has_gene,AKT1
BRAF-p.G606E-胸壁肿瘤,has_var,BRAF-p.G606E
阿帕他胺,inhibition_to,AR
MET-skipping_mut;MET-p.L1195V-甲状腺癌,has_var,MET-p.L1195V
.-FGFR1-盆腔肿瘤,originated_from,盆腔肿瘤
卡莫司汀,treatment,骨髓瘤
ALK-p.L1198F;.-ALK-软组织肿瘤,has_var,.-ALK
EGFR-exon19del-非鳞状非小细胞肺癌,sensitivity_to,AZD3759
NCT03257124,include_a,脑膜瘤
BRAF-p.G606E-子宫平滑肌肉瘤,originated_from,子宫平滑肌肉瘤
ERBB2-Amp;ERBB2-p.E401G-宫颈癌,has_var,ERBB2-p.E401G
BRAF-p.V600M;BRAF-p.V600E-皮肤黑色素瘤,sensitivity_to,达拉非尼
NBEA-p.D1698N,has_gene,NBEA
BRAF-p.G466V-肺鳞状细胞癌,has_var,BRAF-p.G466V
Bloom综合征,develop_to,肝癌
奥希替尼,is_a,奥希替尼
PDGFRA-p.N659K-巨球蛋白血症(WM),originated_from,巨球蛋白血症(WM)
PDGFRA-p.N659K-巨细胞肺癌,has_var,PDGFRA-p.N659K
CTR20221003,include_a,前列腺癌
KIT-p.D816V-小细胞胆囊癌,originated_from,小细胞胆囊癌
NF1,driving_to,胶质母细胞瘤
洛拉替尼,inhibition_to,ALK
ALK-p.C1156Y;.-ALK-皮肤癌,has_var,.-ALK
PGR-High_exp;BRAF-p.T599K;ERBB2-High_exp-乳腺癌(HR阳性,HER2阳性),has_var,BRAF-p.T599K
恩曲替尼,inhibition_to,NTRK1
ADC2122,inhibition_to,EGFR
MET-skipping_mut;MET-p.L1195V-肺癌,has_var,MET-p.L1195V
BRAF-p.V600E-髓系肿瘤,has_var,BRAF-p.V600E
EGFR-p.E709V;EGFR-p.L858R-肺涎腺型肿瘤,has_var,EGFR-p.L858R
MAP2K1-p.C121S;BRAF-p.V600E-原发灶不明黑色素瘤,has_var,MAP2K1-p.C121S
PTEN-p.R173C;BRAF-p.V600E-结直肠癌,originated_from,结直肠癌
MET-skipping_mut;MET-p.L1195V-食管癌,originated_from,食管癌
CTR20192083,include_a,前列腺癌
FGFR2-p.E566G-胸壁肿瘤,has_var,FGFR2-p.E566G
ALK-p.L1198F;.-ALK-食管癌,has_var,ALK-p.L1198F
talazoparib,inhibition_to,PARP2
ALK-p.G1202R;.-ALK-肺淋巴上皮瘤样癌,originated_from,肺淋巴上皮瘤样癌
小儿巨脑畸形综合征,develop_to,Wilms瘤)
MET-skipping_mut;MET-p.D1228N-肾癌,has_var,MET-p.D1228N
ALK-p.L1196M;.-ALK-腺样囊性癌,originated_from,腺样囊性癌
达沙替尼,inhibition_to,DDR2
PALB2,cause_to,遗传性乳腺癌和卵巢癌综合征（非BRCA）
NCT00064103,include_a,口腔癌
NCT04460937,include_a,食管腺癌
ROS1-p.L2026M-肺部炎性肌纤维母细胞瘤,originated_from,肺部炎性肌纤维母细胞瘤
PRDM2,driving_to,肛门癌
MAP2K1-p.C121S;BRAF-p.V600E-促结缔组织增生性黑色素瘤,originated_from,促结缔组织增生性黑色素瘤
PBRM1,driving_to,胆管癌
BRAF-p.V600E-髓系肿瘤,sensitivity_to,维莫非尼
rucaparib,treatment,卵巢癌
ALK-p.I1171T-巨细胞肺癌,has_var,ALK-p.I1171T
达卡巴嗪,treatment,霍奇金淋巴瘤
lithium chloride,inhibition_to,GSK3B
CARD11-p.K696R,has_gene,CARD11
伏罗尼布,treatment,肾细胞癌
PTEN-Low_exp-子宫未分化癌,sensitivity_to,奥拉帕利
BRAF-p.T599K-青少年乳腺分泌性癌,originated_from,青少年乳腺分泌性癌
FGFR2-CLIP1-腺泡状横纹肌肉瘤,has_var,FGFR2-CLIP1
维迪西妥单抗,treatment,胃癌
EGFR-p.E709A;EGFR-p.G719A-肺纤毛黏液结节性乳头状肿瘤,has_var,EGFR-p.G719A
ALK-p.C1156Y;.-ALK-T淋巴细胞白血病/淋巴瘤,originated_from,T淋巴细胞白血病/淋巴瘤
BRAF-p.D594G-结直肠黏液腺癌,has_var,BRAF-p.D594G
PIK3CA-p.H1047R-卵巢上皮肿瘤,originated_from,卵巢上皮肿瘤
ABTL0812,inhibition_to,MTOR
CYLD,cause_to,多发性家族性毛发上皮瘤
.-ALK-肺腺鳞癌,sensitivity_to,PLB1003
ALK-p.L1198F;.-ALK-T淋巴细胞白血病/淋巴瘤,originated_from,T淋巴细胞白血病/淋巴瘤
EGFR-p.I759M;EGFR-p.L858R-肺癌,sensitivity_to,吉非替尼
PTEN-p.R173C;BRAF-p.V600E-结直肠腺癌,originated_from,结直肠腺癌
CSF1R-p.W450_E456del-胰腺癌,has_var,CSF1R-p.W450_E456del
FGFR2-p.H167_N173del-胆管癌,has_var,FGFR2-p.H167_N173del
Li-Fraumeni综合征,develop_to,肾上腺癌
EGFR-p.T790M-肺基底细胞样大细胞癌,sensitivity_to,U3-1402
MAP2K1-p.Q56_V60del-卵巢浆液性癌,has_var,MAP2K1-p.Q56_V60del
ERBB2-Amp;ERBB2-p.E401G-卵巢癌,originated_from,卵巢癌
BRAF,driving_to,乳腺癌
ALK-p.G1202R;.-ALK-炎性肌纤维母细胞瘤,has_var,.-ALK
塞替派,treatment,卵巢癌
IWR-1,inhibition_to,TNKS
CSF1R-p.Y546_K551del-甲状腺癌,has_var,CSF1R-p.Y546_K551del
EGFR-p.L861R;EGFR-p.G719A-星形细胞瘤,has_var,EGFR-p.L861R
JAK2-p.V617F-胰腺癌,originated_from,胰腺癌
EGFR-p.E709G;EGFR-p.L858R-肺透明细胞癌,sensitivity_to,厄洛替尼
PCDH17-p.A1035T,has_gene,PCDH17
CSF1R-p.Y546_K551del-肺癌,has_var,CSF1R-p.Y546_K551del
PDGFRA-p.W559_R560del-十二指肠间质瘤,sensitivity_to,舒尼替尼
FGFR2-SKI-胰腺神经内分泌瘤,has_var,FGFR2-SKI
索拉非尼,treatment,甲状腺癌
替加氟,treatment,乳腺癌
PTEN-p.R173C;BRAF-p.V600E-肠癌,has_var,PTEN-p.R173C
ALK-p.L1196M-非鳞状非小细胞肺癌,has_var,ALK-p.L1196M
博来霉素,treatment,宫颈癌
伊立替康,treatment,结直肠癌
A166,inhibition_to,ERBB2
NCT00118183,include_a,肺腺鳞癌
NCT00099021,include_a,口腔癌
ALK-p.L1198F;.-ALK-腺泡状横纹肌肉瘤,has_var,.-ALK
汗孔角化症,develop_to,皮肤癌
panitumumab,inhibition_to,EGFR
CSF1R-p.V116F,has_gene,CSF1R
FGFR3,positive_regulated,SRC
PP-121,inhibition_to,MTOR
NCT01125046,include_a,室管膜瘤
Li-Fraumeni综合征,develop_to,结直肠癌
FGFR2-.-肝门部胆管癌,sensitivity_to,erdafitinib
.-ALK-肺腺鳞癌,sensitivity_to,塞瑞替尼
KIT-exon9act-软组织肿瘤,sensitivity_to,瑞派替尼
安罗替尼,inhibition_to,KDR
CSF1R-p.Y546_K551del-肺腺癌,has_var,CSF1R-p.Y546_K551del
KIT-p.K642E-软组织肿瘤,sensitivity_to,舒尼替尼
PLB1004,inhibition_to,EGFR
FLT3-p.I836L-骨髓瘤,resistance_to,索拉非尼
CTR20200549,include_a,肝癌
HER2 CAR-T cells,inhibition_to,ERBB2
PLAG1-p.G7D,has_gene,PLAG1
佩米替尼,treatment,淋巴瘤
PDGFRA-p.N659K-盆腔肿瘤,has_var,PDGFRA-p.N659K
TAS3681,inhibition_to,AR
PDGFRA-p.N659K-小细胞胆囊癌,has_var,PDGFRA-p.N659K
NF2,cause_to,神经鞘瘤病
ERBB2-Amp;ERBB2-p.E401G-肺癌,has_var,ERBB2-p.E401G
FGFR3-TACC3-黑色素瘤,originated_from,黑色素瘤
JAK2-p.V617F-小细胞肺癌,originated_from,小细胞肺癌
泊马度胺,treatment,Kaposis肉瘤
JAK2-p.V617F-乳头肿瘤,originated_from,乳头肿瘤
KIT,is_a,KIT
可待因,activation_to,OPRK1
FLT3-p.D835Y-宫颈癌,has_var,FLT3-p.D835Y
NTRK1-p.G667C-结肠腺癌,resistance_to,恩曲替尼
吉西他滨,treatment,卵巢癌
EGFR-p.V834L;EGFR-p.L858R-大细胞肺癌,has_var,EGFR-p.V834L
TP53-inact-Brenner肿瘤，交界性,sensitivity_to,APR-246
ZFHX3-p.E1494K,has_gene,ZFHX3
ERBB2-Amp;ERBB2-p.E401G-乳头肿瘤,has_var,ERBB2-p.E401G
CTR20132935,include_a,肝癌
EGFR,is_a,EGFR
ARID1A,driving_to,乳腺癌
卡非佐米,inhibition_to,PSMC5
ERBB2-Amp;ERBB2-p.E401G-食管癌,originated_from,食管癌
FLT3-p.D835Y-宫颈癌,originated_from,宫颈癌
ERBB2-p.Y772_A775dup-非鳞状非小细胞肺癌,sensitivity_to,poziotinib
阿法替尼,inhibition_to,EGFR
ALK-p.L1198F;.-ALK-卵巢癌,originated_from,卵巢癌
NBEA-p.C2737S,has_gene,NBEA
CSF1R-p.W450_E456del-宫颈癌,originated_from,宫颈癌
贝伐珠单抗,treatment,输卵管癌
GSK3B,negative_regulated,MYC
nivatrotamab,inhibition_to,CD3E
ALK-p.I1171T-非鳞状非小细胞肺癌,has_var,ALK-p.I1171T
依维莫司,treatment,乳腺癌(HR阳性，HER2阴性)
FGFR3-TACC3-软组织肿瘤,has_var,FGFR3-TACC3
ALK-p.G1202R;.-ALK-卵巢癌,has_var,ALK-p.G1202R
BRAF,is_a,BRAF
KIF5B-RET;EGFR-p.L858R-肺淋巴上皮瘤样癌,has_var,KIF5B-RET
BRAF-p.V600E-高分化甲状腺癌,sensitivity_to,维莫非尼
PTPRD-p.S646Y,has_gene,PTPRD
幼年性息肉病综合征,develop_to,胰腺癌
MET-skipping_mut;MET-p.D1228N-肾癌,originated_from,肾癌
ALK-p.L1198F;.-ALK-腺样囊性癌,has_var,ALK-p.L1198F
EGFR-p.E709_T710delinsD-肺梭形细胞癌,has_var,EGFR-p.E709_T710delinsD
EGFR-p.V834L;EGFR-p.L858R-肺癌,has_var,EGFR-p.V834L
EGFR-p.S768I;EGFR-p.V774M-肺基底细胞样大细胞癌,sensitivity_to,奥希替尼
VHL-p.T133N-肉瘤样特征的肾透明细胞癌,has_var,VHL-p.T133N
belizatinib,inhibition_to,ALK
ALK-p.L1196M;.-ALK-胰腺神经内分泌瘤,originated_from,胰腺神经内分泌瘤
SMAD2,driving_to,结直肠腺癌
PTEN-p.R173C;BRAF-p.V600E-直肠癌,originated_from,直肠癌
NCT02359565,include_a,室管膜瘤
CSF1R-p.W450_E456del-甲状腺癌,has_var,CSF1R-p.W450_E456del
trastuzumab-dttb,treatment,胃癌
CSF1R-p.W450_E456del-甲状腺癌,originated_from,甲状腺癌
地舒单抗,treatment,乳腺癌
帕米帕利,treatment,输卵管癌
尼莫司汀,treatment,淋巴瘤
JAK2-p.V617F-乳头肿瘤,has_var,JAK2-p.V617F
WAS,cause_to,Wiskott-Aldrich综合征
BRAF-p.G466V-肺黏液表皮样癌,has_var,BRAF-p.G466V
ERBB2-Amp;ERBB2-p.E401G-肺腺癌,originated_from,肺腺癌
EGFR-p.V834L;EGFR-p.L858R-肺黏液表皮样癌,originated_from,肺黏液表皮样癌
ALK-p.L1198F;.-ALK-甲状腺癌,has_var,ALK-p.L1198F
CEP-28122,inhibition_to,ALK
BRAF-p.G466V-大细胞肺癌,resistance_to,维莫非尼
EGFR-p.T790M-肺腺癌,sensitivity_to,U3-1402
CSF1R-p.W450_E456del-肝癌,originated_from,肝癌
卡莫司汀,treatment,非霍奇金淋巴瘤
CC-223,inhibition_to,MTOR
ALK-p.L1198F;.-ALK-肝癌,originated_from,肝癌
NCT00445497,include_a,小肠癌
ROS1-p.L2026M-肺腺样囊性癌,originated_from,肺腺样囊性癌
NTRK3-p.G623R-头颈部肿瘤,has_var,NTRK3-p.G623R
BRAF-p.G466V-分化差的非小细胞肺癌,resistance_to,维莫非尼
FGFR2-p.P253R-头颈部鳞状细胞癌,has_var,FGFR2-p.P253R
EGFR-p.L861R;EGFR-p.G719A-甲状腺癌,has_var,EGFR-p.G719A
帕博利珠单抗,treatment,肝细胞癌
SRX3207,inhibition_to,PIK3CA
NCT00334815,include_a,肺腺鳞癌
ROS1-p.L2026M-分化差的非小细胞肺癌,originated_from,分化差的非小细胞肺癌
PIK3CA-p.W1051*-子宫浆液性癌/子宫乳头状浆液性癌,sensitivity_to,依维莫司
PTPRD-p.T799I,has_gene,PTPRD
CTR20131898,include_a,胰腺癌
vandetanib,inhibition_to,RET
avelumab,treatment,Merkel细胞癌
ERBB2-p.Y772_A775dup-分化差的非小细胞肺癌,sensitivity_to,poziotinib
帕博利珠单抗,treatment,头颈部鳞状细胞癌
MET,driving_to,低级别神经胶质瘤
PTPRD-p.S239Y,has_gene,PTPRD
PTEN-p.R173C;BRAF-p.V600E-结肠腺癌,originated_from,结肠腺癌
VHL-p.T133N-肾集合管癌,has_var,VHL-p.T133N
PTEN-p.R173C;BRAF-p.V600E-结直肠腺癌,has_var,PTEN-p.R173C
DHH,cause_to,Swyer综合征
EGFR-p.E709V;EGFR-p.L858R-肺透明细胞癌,has_var,EGFR-p.E709V
EGFR-p.A24S,has_gene,EGFR
BRAF-p.V600M;BRAF-p.V600E-黏膜黑色素瘤,has_var,BRAF-p.V600E
EGFR-p.S768I;EGFR-p.V774M-肺涎腺型肿瘤,has_var,EGFR-p.S768I
KRAS-p.G12C-结直肠腺癌,sensitivity_to,D-1553
NBEA-p.I1000M,has_gene,NBEA
rigosertib,inhibition_to,PIK3CA
BRAF-p.G606E-巨球蛋白血症(WM),has_var,BRAF-p.G606E
FGFR3-p.S249C-上尿路上皮癌,sensitivity_to,培唑帕尼
panobinostat,inhibition_to,HDAC4
RET-p.M918T-甲状腺癌,has_var,RET-p.M918T
ERBB2-Amp;ERBB2-p.E401G-星形细胞瘤,has_var,ERBB2-p.E401G
BRAF-p.Y472C-鳞状非小细胞肺癌,has_var,BRAF-p.Y472C
ERBB2-p.D769Y-食管胃腺癌,resistance_to,奈拉替尼
BRAF-p.G466V-肺腺样囊性癌,resistance_to,维莫非尼
NCT01563614,include_a,脑膜瘤
BRAF-p.G606E-盆腔肿瘤,originated_from,盆腔肿瘤
Wilson病,develop_to,肝癌
FGFR2-p.E566G-胸膜癌,originated_from,胸膜癌
ERBB2-Amp;ERBB2-p.E401G-星形细胞瘤,originated_from,星形细胞瘤
FGFR2-.-肝外胆管癌,sensitivity_to,erdafitinib
ALK-p.V1180L;.-ALK-肺透明细胞癌,has_var,ALK-p.V1180L
ALK-p.F1174V-肺腺鳞癌,sensitivity_to,阿来替尼
ARID1A,driving_to,髓母细胞瘤
PTEN-p.R173C;BRAF-p.V600E-肠癌,originated_from,肠癌
lestaurtinib,is_a,lestaurtinib
MET-p.D1230N-小细胞胆囊癌,has_var,MET-p.D1230N
RB1-p.H483Y-乳腺癌,has_var,RB1-p.H483Y
NRAS-act-皮肤癌,sensitivity_to,ulixertinib
FGFR2-TACC3-盆腔肿瘤,originated_from,盆腔肿瘤
AMG 511,inhibition_to,PIK3CA
PBRM1,driving_to,皮肤黑色素瘤
VHL-p.T133N-肾癌,has_var,VHL-p.T133N
ERBB2-Amp;ERBB2-p.E401G-子宫内膜癌,originated_from,子宫内膜癌
FGFR2-CLIP1-皮肤癌,originated_from,皮肤癌
肛门癌,is_a,肛门癌
CSF1R-p.W450_E456del-子宫内膜癌,has_var,CSF1R-p.W450_E456del
ABLBP4,is_a,ABI1
FGFR2-CLIP1-胰腺神经内分泌瘤,has_var,FGFR2-CLIP1
ALK-p.L1198F;.-ALK-小细胞肺癌,has_var,ALK-p.L1198F
NCT00031681,include_a,口腔癌
瑞戈非尼,induce_to,结肠癌
merestinib,inhibition_to,MET
CTR20150149,include_a,肝癌
阿昔替尼,treatment,肾细胞癌
FGFR2-SKI-腺泡状横纹肌肉瘤,has_var,FGFR2-SKI
FLT3-p.I836M-骨髓瘤,resistance_to,索拉非尼
PTEN-inact-子宫未分化癌,sensitivity_to,apitolisib
EGFR-p.E709_T710delinsD-非粘液性肺腺癌,has_var,EGFR-p.E709_T710delinsD
ALK-p.G1202R;.-ALK-T淋巴细胞白血病/淋巴瘤,has_var,.-ALK
capmatinib,is_a,capmatinib
NCT02234050,include_a,脑膜瘤
艾伏尼布,inhibition_to,IDH1
EGFR-p.V834L;EGFR-p.L858R-肺黏液表皮样癌,has_var,EGFR-p.V834L
EGFR,driving_to,肺腺癌
JAK2-p.V617F-乳腺癌,has_var,JAK2-p.V617F
EGFR-p.S768I;EGFR-p.V774M-肺梭形细胞癌,sensitivity_to,奥希替尼
FGFR2-p.E566G-巨球蛋白血症(WM),has_var,FGFR2-p.E566G
.-ALK-肺腺鳞癌,sensitivity_to,伊鲁阿克
维迪西妥单抗,inhibition_to,ERBB2
CSF1R-p.N788I,has_gene,CSF1R
肿瘤易感综合征,develop_to,脑膜瘤
PDGFRA-p.N659K-胸壁肿瘤,has_var,PDGFRA-p.N659K
EGFR-p.S768I;EGFR-p.V774M-肺透明细胞癌,sensitivity_to,奥希替尼
奥拉帕利,inhibition_to,PARP1
CSF1R-p.Y546_K551del-胰腺癌,has_var,CSF1R-p.Y546_K551del
BRAF-p.T599K-乳腺导管/小叶混合型癌,has_var,BRAF-p.T599K
ALK-p.G1269A;.-ALK-非粘液性肺腺癌,has_var,ALK-p.G1269A
VHL-p.T133N-肾嫌色细胞癌,originated_from,肾嫌色细胞癌
NRAS-wildtype;KRAS-wildtype;BRAF-wildtype-结直肠腺癌,sensitivity_to,瑞戈非尼
ROS1-p.L2026M-巨细胞肺癌,originated_from,巨细胞肺癌
BRAF-p.V600E-囊性胶质瘤,has_var,BRAF-p.V600E
ALK-p.G1269A;.-ALK-胸膜肺母细胞瘤,sensitivity_to,阿来替尼
HMPL-306,inhibition_to,IDH1
BRAF-p.T599K-青少年乳腺分泌性癌,has_var,BRAF-p.T599K
CTR20140023,include_a,肝癌
PTEN-p.R173C;BRAF-p.V600E-直肠癌,has_var,PTEN-p.R173C
CTR20221003,include_a,腹膜癌
AR,cause_to,雄激素不敏感综合征
CTR20160052,include_a,胰腺癌
AKT1-p.F469L,has_gene,AKT1
BRAF-p.V600M;BRAF-p.V600E-Spitz样黑色素瘤,sensitivity_to,达拉非尼
ALK-p.G1202R;.-ALK-肺腺鳞癌,sensitivity_to,洛拉替尼
FGFR2-TACC3-胰腺神经内分泌瘤,originated_from,胰腺神经内分泌瘤
ZFHX3-p.E975K,has_gene,ZFHX3
ERBB2-Amp;ERBB2-p.E401G-胰腺癌,has_var,ERBB2-p.E401G
NCT02426034,include_a,原发灶不明癌
FGFR2-Amp-肝门部胆管癌,sensitivity_to,infigratinib
MET-skipping_mut;MET-p.D1228N-卵巢癌,originated_from,卵巢癌
EML4-ALK-巨细胞肺癌,sensitivity_to,ganetespib
CTR20221465,include_a,肺癌
PCDH17-p.R599H,has_gene,PCDH17
己烯雌酚,treatment,前列腺癌
PIK3CA-p.H1047R-卵巢/输卵管癌,originated_from,卵巢/输卵管癌
BRAF-p.G606E-原发性骨髓纤维化,originated_from,原发性骨髓纤维化
CSF1R-p.W450_E456del-肺腺癌,originated_from,肺腺癌
FGFR2-SHTN1-T淋巴细胞白血病/淋巴瘤,has_var,FGFR2-SHTN1
EGFR-p.L861R;EGFR-p.R776G-非小细胞肺癌,has_var,EGFR-p.R776G
帕博利珠单抗,treatment,膀胱癌
FLT3-p.D835Y-卵巢癌,originated_from,卵巢癌
EGFR-p.E746_L747delinsIP;EGFR-p.S1190F-非小细胞肺癌,sensitivity_to,阿法替尼
EGFR-p.L833V;EGFR-p.L858R-非小细胞肺癌,sensitivity_to,厄洛替尼
KIT-p.D816V-胸膜癌,originated_from,胸膜癌
VHL-p.T133N-延胡索酸水合酶(FH)缺陷型肾细胞癌,originated_from,延胡索酸水合酶(FH)缺陷型肾细胞癌
g207,inhibition_to,MGMT
RAF709,inhibition_to,BRAF
EML4-ALK-卵巢小细胞癌,sensitivity_to,阿来替尼
ALK-p.L1196M-肺黏液表皮样癌,has_var,ALK-p.L1196M
帕博利珠单抗,treatment,乳腺癌(三阴性)
FGFR2-SHTN1-血管瘤样纤维组织细胞瘤,has_var,FGFR2-SHTN1
JAK2-p.V617F-星形细胞瘤,has_var,JAK2-p.V617F
PTEN-Loss-子宫未分化癌,sensitivity_to,apitolisib
EGFR-p.S768I;EGFR-p.V774M-肺梭形细胞癌,has_var,EGFR-p.S768I
MET-skipping_mut;MET-p.D1228N-子宫内膜癌,originated_from,子宫内膜癌
ERBB2-p.Y772_A775dup-非鳞状非小细胞肺癌,sensitivity_to,恩美曲妥珠单抗
NRAS-wildtype;KRAS-wildtype;BRAF-wildtype-结直肠腺癌,sensitivity_to,贝伐珠单抗
ALK-p.G1202R;.-ALK-小细胞肺癌,originated_from,小细胞肺癌
CSF1R-p.D802E,has_gene,CSF1R
伊马替尼,inhibition_to,PDGFRA
BRAF-p.V600M;BRAF-p.V600E-促结缔组织增生性黑色素瘤,sensitivity_to,达拉非尼
EGFR-p.V834L;EGFR-p.L858R-肺腺样囊性癌,originated_from,肺腺样囊性癌
PCDH17-p.K919N,has_gene,PCDH17
ALK-p.V1180L;.-ALK-肺基底细胞样大细胞癌,has_var,ALK-p.V1180L
ERBB2,driving_to,乳腺癌
EGFR-p.E709_T710delinsD-肺淋巴上皮瘤样癌,sensitivity_to,达可替尼
MAP2K1-p.C121S;BRAF-p.V600E-促结缔组织增生性黑色素瘤,has_var,MAP2K1-p.C121S
EGFR-p.L861R;EGFR-p.G719A-肺腺癌,originated_from,肺腺癌
CTR20140315,include_a,肝癌
贝伐珠单抗,treatment,结直肠癌
EGFR-p.E746_L747delinsIP;EGFR-p.S1190F-肺癌,has_var,EGFR-p.S1190F
FGFR2-CLIP1-软组织肿瘤,originated_from,软组织肿瘤
贝伐珠单抗,treatment,宫颈癌
ERBB2-Amp;ERBB2-p.E401G-肾癌,has_var,ERBB2-p.E401G
NF1,driving_to,肾上腺皮质癌
AKT1-act-子宫去分化癌,sensitivity_to,apitolisib
VHL-p.T133N-肾细胞癌,originated_from,肾细胞癌
BRAF-p.D594N-子宫平滑肌肉瘤,has_var,BRAF-p.D594N
EGFR-p.E709G;EGFR-p.L858R-肺透明细胞癌,has_var,EGFR-p.L858R
EGFR-p.L861R;EGFR-p.G719A-肝癌,has_var,EGFR-p.L861R
达沙替尼,inhibition_to,ABL1
.-FGFR1-胰腺神经内分泌瘤,originated_from,胰腺神经内分泌瘤
FGFR2-p.F276C-胆道癌,sensitivity_to,培唑帕尼
PBRM1,driving_to,宫颈鳞状细胞癌
HIP1,driving_to,子宫癌肉瘤/子宫恶性苗勒氏管混合瘤
ERBB2-p.Y772_A775dup-鳞状非小细胞肺癌,sensitivity_to,恩美曲妥珠单抗
EGFR-p.L861R;EGFR-p.G719A-乳腺癌,originated_from,乳腺癌
KIT-p.D816V-胸壁肿瘤,has_var,KIT-p.D816V
PRDM2,driving_to,肝癌
AMG 757,inhibition_to,CD3E
CSF1R-p.W450_E456del-乳头肿瘤,originated_from,乳头肿瘤
CSF1R-p.W450_E456del-腺样囊性癌,has_var,CSF1R-p.W450_E456del
agerafenib,inhibition_to,ABL1
ROS1-p.L2026M-肺神经内分泌瘤,originated_from,肺神经内分泌瘤
PCDH17-p.R186H,has_gene,PCDH17
MET-skipping_mut;MET-p.L1195V-宫颈癌,has_var,MET-p.L1195V
AKT1-p.A476S,has_gene,AKT1
ZFHX3-p.S1646F,has_gene,ZFHX3
bafetinib,inhibition_to,DDR2
JAK2-p.V617F-小细胞肺癌,has_var,JAK2-p.V617F
BRAF-p.G466V-肺癌,has_var,BRAF-p.G466V
SPI1,is_a,SPI1
ALK-p.L1198F;.-ALK-腺样囊性癌,originated_from,腺样囊性癌
MAP2K1-p.C121S;BRAF-p.V600E-先天性痣,has_var,MAP2K1-p.C121S
ALK-p.L1196M-肺黏液表皮样癌,resistance_to,克唑替尼
ERBB2-Low_exp-食管/胃癌,sensitivity_to,KN026
ALK-p.L1198F;.-ALK-盆腔肿瘤,has_var,.-ALK
RUFY2-RET;EGFR-p.L858R-肺淋巴上皮瘤样癌,originated_from,肺淋巴上皮瘤样癌
MET-p.D1230N-子宫平滑肌肉瘤,has_var,MET-p.D1230N
VHL-p.T133N-延胡索酸水合酶(FH)缺陷型肾细胞癌,has_var,VHL-p.T133N
PDGFRA,cause_to,多发性复发性胃肠道纤维瘤息肉
ROS1-p.L2026M-肺淋巴上皮瘤样癌,originated_from,肺淋巴上皮瘤样癌
ALK-p.G1269A-肺腺鳞癌,sensitivity_to,阿来替尼
VHL-p.T133N-肉瘤样肾细胞癌,originated_from,肉瘤样肾细胞癌
CYLD,cause_to,Brooke-Spiegler综合征
BRAF-p.V600E-食管/胃癌,has_var,BRAF-p.V600E
EGFR-p.E709G;EGFR-p.L858R-肺基底细胞样大细胞癌,has_var,EGFR-p.E709G
MAP2K1-p.C121S;BRAF-p.V600E-黏膜黑色素瘤,originated_from,黏膜黑色素瘤
FGFR3-TACC3-盆腔肿瘤,has_var,FGFR3-TACC3
FGFR2-SHTN1-炎性肌纤维母细胞瘤,has_var,FGFR2-SHTN1
ALK-p.L1196M-肺腺样囊性癌,has_var,ALK-p.L1196M
ALK-p.G1202R;.-ALK-卵巢癌,originated_from,卵巢癌
阿替利珠单抗,treatment,肺泡状软组织肉瘤
JAK2-p.V617F-肾癌,has_var,JAK2-p.V617F
BRAF-p.G469V-肺涎腺型肿瘤,sensitivity_to,索拉非尼
KIT-p.T670I-软组织肿瘤,sensitivity_to,瑞戈非尼
FGFR2-Amp-肝外胆管癌,sensitivity_to,infigratinib
CSF1R-p.Y546_K551del-肝癌,originated_from,肝癌
A-1155463,inhibition_to,BCL2L1
PDGFRA-p.N659K-小细胞胆囊癌,originated_from,小细胞胆囊癌
曲氟尿苷替匹嘧啶,treatment,食管胃结合部腺癌
肿瘤易感综合征,develop_to,肾癌
JAK2-p.V617F-卵巢癌,has_var,JAK2-p.V617F
BRAF-p.G469V-鳞状非小细胞肺癌,sensitivity_to,索拉非尼
CSF1R-p.G182R,has_gene,CSF1R
MET-skipping_mut;MET-p.D1228N-肝癌,originated_from,肝癌
ALK-p.G1202R;.-ALK-腺泡状横纹肌肉瘤,originated_from,腺泡状横纹肌肉瘤
abarelix,treatment,前列腺癌
PLAG1-p.Y54F,has_gene,PLAG1
FGFR2-TACC3-黑色素瘤,has_var,FGFR2-TACC3
FGFR1,is_a,FGFR1
FLT3-p.F691L-未成熟AML,has_var,FLT3-p.F691L
BRAF-p.V600M;BRAF-p.V600E-黏膜黑色素瘤,has_var,BRAF-p.V600M
VHL-p.T133N-肾嗜酸细胞瘤,originated_from,肾嗜酸细胞瘤
VHL-inact-非透明细胞肾癌,sensitivity_to,索拉非尼
BCL9,driving_to,胃腺癌
ALK-p.L1196M;.-ALK-小细胞肺癌,originated_from,小细胞肺癌
CARD11-p.N452S,has_gene,CARD11
EGFR-p.R681K,has_gene,EGFR
克唑替尼,inhibition_to,MET
血管瘤,is_a,血管瘤
ERBB2-p.D769Y-食管/胃癌,resistance_to,奈拉替尼
ALK-p.V1180L-肺腺鳞癌,sensitivity_to,塞瑞替尼
ERBB2-Amp;ERBB2-p.E401G-肺癌,originated_from,肺癌
ROS1-p.L2086F;CD74-ROS1-肺淋巴上皮瘤样癌,originated_from,肺淋巴上皮瘤样癌
NCT02216149,include_a,小肠癌
博来霉素,treatment,皮肤癌
BRAF-p.G469R-非小细胞肺癌,has_var,BRAF-p.G469R
MET-skipping_mut;MET-p.D1228N-乳头肿瘤,has_var,MET-p.D1228N
BRAF-p.G466V-大细胞肺癌,has_var,BRAF-p.G466V
EGFR-p.E709_T710delinsD-肺基底细胞样大细胞癌,has_var,EGFR-p.E709_T710delinsD
CSF1R-p.W450_E456del-星形细胞瘤,originated_from,星形细胞瘤
obatoclax,inhibition_to,BCL2L1
FGFR2-CLIP1-盆腔肿瘤,originated_from,盆腔肿瘤
EGFR-p.T790M-非粘液性肺腺癌,sensitivity_to,U3-1402
ABT-737,inhibition_to,BCL2L1
EGFR-p.L861R;EGFR-p.G719A-宫颈内腺癌,has_var,EGFR-p.G719A
belizatinib,inhibition_to,NTRK1
NCT01122199,include_a,原发灶不明癌
MET-skipping_mut;MET-p.D1228N-食管癌,has_var,MET-p.D1228N
ALK-p.L1198F;.-ALK-肾癌,has_var,ALK-p.L1198F
PTEN-p.R173C;BRAF-p.V600E-结直肠黏液腺癌,has_var,PTEN-p.R173C
NCT00397384,include_a,口腔癌
EGFR-p.E709_T710delinsD-肺纤毛黏液结节性乳头状肿瘤,sensitivity_to,达可替尼
FGFR2-p.E566G-鞍区肿瘤,has_var,FGFR2-p.E566G
ALK-p.I1171T-肺黏液表皮样癌,has_var,ALK-p.I1171T
BRAF-p.D594N-鞍区肿瘤,originated_from,鞍区肿瘤
ERBB2-Amp;ERBB2-p.E401G-肾癌,originated_from,肾癌
MET-skipping_mut;MET-p.D1228N-乳腺癌,has_var,MET-p.D1228N
NBEA-p.Q1949L,has_gene,NBEA
mirvetuximab soravtansine,treatment,输卵管癌
贝伐珠单抗,treatment,卵巢上皮肿瘤
CHIR99021,inhibition_to,GSK3B
FGFR2-TACC3-腺泡状横纹肌肉瘤,has_var,FGFR2-TACC3
ALK-p.L1196M;.-ALK-软组织肿瘤,has_var,.-ALK
PRKAR1A,driving_to,髓母细胞瘤
FGFR2-TACC3-T淋巴细胞白血病/淋巴瘤,has_var,FGFR2-TACC3
BRAF-p.D594N-巨细胞肺癌,has_var,BRAF-p.D594N
EGFR-p.V834L;EGFR-p.L858R-巨细胞肺癌,has_var,EGFR-p.V834L
NF1,driving_to,毛细胞型星形细胞瘤
TBXT,cause_to,家族聚集性脊索瘤
EGFR-targeted and doxorubicin-loaded EDV,inhibition_to,EGFR
BRAF-p.T599K;ERBB2-High_exp-乳腺癌(HER2阳性),originated_from,乳腺癌(HER2阳性)
PIK3CA-p.H1047R-卵巢透明细胞肿瘤,originated_from,卵巢透明细胞肿瘤
MET-p.D1230N-鞍区肿瘤,originated_from,鞍区肿瘤
FLT3-p.F691L-急性巨核细胞白血病,sensitivity_to,舒尼替尼
PTEN-p.R173C;BRAF-p.V600E-原位结肠腺癌,has_var,PTEN-p.R173C
CTR20131232,include_a,胰腺癌
ALK-p.L1198F;.-ALK-血管瘤样纤维组织细胞瘤,has_var,.-ALK
ERBB2,driving_to,胃腺癌
MET-skipping_mut;MET-p.L1195V-宫颈癌,originated_from,宫颈癌
ERBB2-Amp;ERBB2-p.E401G-小细胞肺癌,originated_from,小细胞肺癌
FGFR1-p.M128T,has_gene,FGFR1
ALK-p.G1269A;.-ALK-非粘液性肺腺癌,sensitivity_to,阿来替尼
TAE684,inhibition_to,ALK
FLT3-p.F691L-纯红系白血病,sensitivity_to,舒尼替尼
CTR20221708,include_a,非小细胞肺癌
ALK-p.C1156Y;.-ALK-腺泡状横纹肌肉瘤,has_var,.-ALK
PLAG1-p.R138G,has_gene,PLAG1
EGFR-p.T790M-肺涎腺型肿瘤,sensitivity_to,U3-1402
MET-skipping_mut;MET-p.L1195V-宫颈内腺癌,originated_from,宫颈内腺癌
ALK-p.C1156Y;.-ALK-盆腔肿瘤,originated_from,盆腔肿瘤
ALK-p.L1196M-巨细胞肺癌,resistance_to,克唑替尼
ALK-p.G1202R;.-ALK-胰腺神经内分泌瘤,has_var,.-ALK
曲妥珠单抗,inhibition_to,ERBB2
MET,driving_to,肾透明细胞癌
JAK2-p.V617F-腺样囊性癌,originated_from,腺样囊性癌
ALK-p.I1171S-肺腺鳞癌,sensitivity_to,恩沙替尼
Bloom综合征,develop_to,乳腺癌
BRAF-p.D594N-原发性骨髓纤维化,has_var,BRAF-p.D594N
CSF1R-p.Y546_K551del-小细胞肺癌,has_var,CSF1R-p.Y546_K551del
KRAS-p.G12C-结直肠腺癌,sensitivity_to,IBI351
ALK-p.L1196M;.-ALK-胰腺神经内分泌瘤,has_var,.-ALK
CSF1R-p.W450_E456del-子宫内膜癌,originated_from,子宫内膜癌
EGFR-exon19del-非鳞状非小细胞肺癌,sensitivity_to,厄洛替尼
CYLD,cause_to,家族性圆柱瘤
CSF1R-p.W450_E456del-肺癌,originated_from,肺癌
TP53,driving_to,肛门癌
达沙替尼,is_a,达沙替尼
FGFR3-TACC3-血管瘤样纤维组织细胞瘤,has_var,FGFR3-TACC3
EGFR-p.E709V;EGFR-p.L858R-肺透明细胞癌,sensitivity_to,吉非替尼
BRAF,driving_to,结直肠腺癌
bexarotene,treatment,T淋巴细胞白血病/淋巴瘤
.-ALK-肺腺鳞癌,sensitivity_to,CT-707
贝福替尼,inhibition_to,EGFR
FGFR2-.-肝内胆管癌,sensitivity_to,infigratinib
ALK-p.G1269A;.-ALK-肺类癌,has_var,ALK-p.G1269A
ALK-p.C1156Y;.-ALK-肺腺鳞癌,sensitivity_to,洛拉替尼
abivertinib,inhibition_to,EGFR
FBXW7,driving_to,结直肠腺癌
卡培他滨,treatment,结直肠癌
ALK-p.L1196M;.-ALK-星形细胞瘤,originated_from,星形细胞瘤
FLT3-p.F691L-AML伴inv(3)(q21.3q26.2)或,has_var,FLT3-p.F691L
belinostat,inhibition_to,HDAC4
FGFR2-TACC3-软组织肿瘤,originated_from,软组织肿瘤
FLT3-p.D835E-骨髓瘤,resistance_to,索拉非尼
avelumab,treatment,肾细胞癌
FGFR2-SKI-黑色素瘤,has_var,FGFR2-SKI
BRAF-p.Y472C-肺梭形细胞癌,has_var,BRAF-p.Y472C
FGFR2-SHTN1-血管瘤样纤维组织细胞瘤,originated_from,血管瘤样纤维组织细胞瘤
FLT3-p.D835Y-腺样囊性癌,has_var,FLT3-p.D835Y
卡莫司汀,treatment,室管膜肿瘤
BRAF-p.G466V-肺横纹肌样表型大细胞癌,resistance_to,维莫非尼
EGFR-p.E709A;EGFR-p.G719A-肺透明细胞癌,has_var,EGFR-p.G719A
CSF1R-p.Y546_K551del-腺样囊性癌,has_var,CSF1R-p.Y546_K551del
可待因,activation_to,OPRM1
merestinib,inhibition_to,DDR2
ALK-p.L1196M;.-ALK-宫颈癌,has_var,ALK-p.L1196M
X-376,inhibition_to,ALK
ARID1A,driving_to,胶质母细胞瘤
RAPADILINO综合征,develop_to,血液肿瘤
卡莫司汀,treatment,脑部恶性肿瘤
BRAF-p.Y472C-肺纤毛黏液结节性乳头状肿瘤,sensitivity_to,达沙替尼
BRAF-p.T599K-乳腺交界性叶状肿瘤,has_var,BRAF-p.T599K
ALK-p.G1202R;.-ALK-胰腺癌,originated_from,胰腺癌
FGFR1,driving_to,髓母细胞瘤
HIP1,driving_to,髓母细胞瘤
Bloom综合征,develop_to,喉癌
rociletinib,is_a,rociletinib
VHL-inact-未分类的肾细胞癌,sensitivity_to,舒尼替尼
ALK-p.C1156Y;.-ALK-胰腺神经内分泌瘤,has_var,.-ALK
VHL-p.T133N-肾嗜酸细胞瘤,has_var,VHL-p.T133N
EGFR-p.E709_T710delinsD-肺腺癌,sensitivity_to,达可替尼
BRAF-p.G469V-鳞状非小细胞肺癌,has_var,BRAF-p.G469V
ALK-p.L1198F;.-ALK-乳头肿瘤,originated_from,乳头肿瘤
ALK-p.F1174V-肺基底细胞样大细胞癌,sensitivity_to,阿来替尼
VHL-inact-未分类的肾细胞癌,sensitivity_to,索拉非尼
NCT04257461,include_a,小肠癌
CSF1R-p.Y546_K551del-星形细胞瘤,has_var,CSF1R-p.Y546_K551del
CARD11-p.K550N,has_gene,CARD11
EGFR-p.S768I;EGFR-p.V774M-肺纤毛黏液结节性乳头状肿瘤,has_var,EGFR-p.V774M
KRAS-act-结直肠腺癌,sensitivity_to,瑞戈非尼
EGFR-p.E709G;EGFR-p.L858R-肺基底细胞样大细胞癌,sensitivity_to,厄洛替尼
WHIM综合征,develop_to,宫颈癌
WHIM综合征,develop_to,外阴/阴道癌
Li-Fraumeni综合征,develop_to,脂肪肿瘤
阿帕替尼,treatment,胃癌
XIAP,cause_to,X-连锁淋巴细胞异常增生症
BRAF-p.D594N-小细胞胆囊癌,has_var,BRAF-p.D594N
212Pb-TCMC-Trastuzumab,inhibition_to,ERBB2
硼替佐米,treatment,骨髓瘤
BRAF-p.V600E-甲状腺癌,has_var,BRAF-p.V600E
NRAS-p.Q61-黏膜黑色素瘤,sensitivity_to,RO5126766
JAK2-p.V617F-乳腺癌,originated_from,乳腺癌
NRAS-p.Q61-恶性雀斑样痣黑色素瘤,sensitivity_to,RO5126766
帕博利珠单抗,treatment,食管胃结合部腺癌
AIRE-p.*546Sext*?,has_gene,AIRE
KRAS-wildtype-结肠癌,sensitivity_to,呋喹替尼
尼拉帕利,treatment,卵巢癌
ERBB2-Amp;ERBB2-p.E401G-腺样囊性癌,originated_from,腺样囊性癌
FGFR2-p.H167_N173del-胆道癌,sensitivity_to,debio 1347
ALK-p.I1171T-肺癌,resistance_to,阿来替尼
ALK-p.L1196M;.-ALK-子宫内膜癌,has_var,ALK-p.L1196M
IKZF3,driving_to,慢性淋巴细胞白血病/小淋巴细胞淋巴瘤
伊马替尼,inhibition_to,KIT
CSF1R-p.W450_E456del-卵巢癌,has_var,CSF1R-p.W450_E456del
MET-skipping_mut;MET-p.L1195V-乳腺癌,has_var,MET-p.L1195V
MET-skipping_mut;MET-p.D1228N-宫颈癌,originated_from,宫颈癌
ROS1-p.L2026M-肺部炎性肌纤维母细胞瘤,has_var,ROS1-p.L2026M
FGFR2-TACC3-软组织肿瘤,has_var,FGFR2-TACC3
KRAS-wildtype;BRAF-p.V600E-胰腺癌,has_var,BRAF-p.V600E
AG-881,inhibition_to,IDH1
EGFR-p.I759M;EGFR-p.L858R-非小细胞肺癌,has_var,EGFR-p.I759M
vorasidenib,inhibition_to,IDH1
FGFR2-CLIP1-皮肤癌,has_var,FGFR2-CLIP1
lestaurtinib,inhibition_to,FLT3
曲氟尿苷替匹嘧啶,treatment,结直肠癌
MAP2K1-p.Q56_V60del-卵巢癌,sensitivity_to,selumetinib
GTF2I,driving_to,胸腺癌
德曲妥珠单抗,treatment,胃癌
vandetanib,is_a,vandetanib
MET-skipping_mut;MET-p.L1195V-肺腺癌,has_var,MET-p.L1195V
KIT-p.D816V-子宫平滑肌肉瘤,originated_from,子宫平滑肌肉瘤
MET-p.D1230N-小细胞胆囊癌,originated_from,小细胞胆囊癌
甲泼尼龙,treatment,淋巴瘤
家族性副神经节瘤,develop_to,中枢神经系统/脑部肿瘤
苯达莫司汀,treatment,非霍奇金淋巴瘤
NVP-TNKS656,inhibition_to,TNKS
BRAF,driving_to,高级别胶质瘤，非特定
尼洛替尼,inhibition_to,DDR2
.-ALK-肺腺鳞癌,sensitivity_to,布格替尼
AKT1-p.A304T,has_gene,AKT1
NCT00004895,include_a,小肠癌
可待因,activation_to,OPRD1
CTR20221475,include_a,前列腺癌
贝伐珠单抗,treatment,腹膜癌
阿比特龙,treatment,前列腺癌
EGFR-p.V834L;EGFR-p.L858R-大细胞肺癌,originated_from,大细胞肺癌
己烯雌酚,treatment,乳腺癌
ALK-p.G1269A;.-ALK-胸膜肺母细胞瘤,has_var,ALK-p.G1269A
BRAF-p.G469V-肺梭形细胞癌,has_var,BRAF-p.G469V
ALK-p.L1196M-肺横纹肌样表型大细胞癌,has_var,ALK-p.L1196M
NCT01125046,include_a,脑膜瘤
EGFR-exon19del;RUFY2-RET-肺淋巴上皮瘤样癌,has_var,RUFY2-RET
吡柔比星,treatment,卵巢癌
特瑞普利单抗,treatment,非鳞状非小细胞肺癌
AZD0466,inhibition_to,BCL2L1
EGFR-exon19del;KIF5B-RET-肺淋巴上皮瘤样癌,originated_from,肺淋巴上皮瘤样癌
ponatinib,inhibition_to,SRC
EGFR-p.S768I;EGFR-p.V774M-肺基底细胞样大细胞癌,has_var,EGFR-p.V774M
家族性副神经节瘤,develop_to,甲状腺癌
M701,inhibition_to,CD3E
ALK-p.C1156Y-肺基底细胞样大细胞癌,sensitivity_to,洛拉替尼
CTR20221666,include_a,前列腺癌
PDGFRA-p.N659K-子宫平滑肌肉瘤,has_var,PDGFRA-p.N659K
MAP2K1-p.C121S;BRAF-p.V600E-黑色素瘤,has_var,MAP2K1-p.C121S
EGFR-p.V834L;EGFR-p.L858R-非小细胞肺癌,has_var,EGFR-p.V834L
MAP2K1-p.C121S;BRAF-p.V600E-肢端黑色素瘤,originated_from,肢端黑色素瘤
EGFR-p.L861R;EGFR-p.R776G-非小细胞肺癌,has_var,EGFR-p.L861R
NRAS-p.G12-肢端黑色素瘤,sensitivity_to,仑伐替尼
ERBB2-Amp;ERBB2-p.E401G-宫颈内腺癌,has_var,ERBB2-p.E401G
ALK-p.V1180L;.-ALK-鳞状非小细胞肺癌,sensitivity_to,布格替尼
ALK-p.L1196M;.-ALK-肾癌,has_var,ALK-p.L1196M
德曲妥珠单抗,treatment,乳腺癌
FGFR2-CLIP1-血管瘤样纤维组织细胞瘤,originated_from,血管瘤样纤维组织细胞瘤
disulfiram,inhibition_to,MGMT
阿糖胞苷,treatment,淋巴瘤
舒沃替尼,inhibition_to,ERBB2
CTR20130169,include_a,前列腺癌
CTR20211998,include_a,肺癌
FLT3-p.D835Y-腺样囊性癌,originated_from,腺样囊性癌
ZNRF3,driving_to,肾上腺皮质癌
FLT3-p.D835Y-食管癌,originated_from,食管癌
EGFR-p.E709_T710delinsD-鳞状非小细胞肺癌,sensitivity_to,达可替尼
VHL-inact-未分类的肾细胞癌,sensitivity_to,依维莫司
EGFR-p.E709A;EGFR-p.G719A-肺淋巴上皮瘤样癌,sensitivity_to,阿法替尼
MAP2K1-p.L98_K104delinsQ-骨髓瘤,has_var,MAP2K1-p.L98_K104delinsQ
FGFR2-SHTN1-软组织肿瘤,has_var,FGFR2-SHTN1
AZ1366,inhibition_to,TNKS
ALK-p.L1196M;.-ALK-T淋巴细胞白血病/淋巴瘤,has_var,.-ALK
BRAF-p.G596V-肺涎腺型肿瘤,sensitivity_to,维莫非尼
TCF7L2,driving_to,结直肠腺癌
FLT3-p.F691L-未成熟AML,sensitivity_to,舒尼替尼
ALK-p.V1180L;.-ALK-肺梭形细胞癌,has_var,ALK-p.V1180L
FBXW7,driving_to,食管癌
VHL-p.T133N-肾癌,sensitivity_to,舒尼替尼
AD80,inhibition_to,RET
达拉非尼,inhibition_to,BRAF
NIN,driving_to,间皮瘤
ROS1-p.L2026M-肺腺样囊性癌,has_var,ROS1-p.L2026M
ALK-p.L1196M-分化差的非小细胞肺癌,resistance_to,克唑替尼
Bloom综合征,develop_to,胃癌
PTEN-p.R173C;BRAF-p.V600E-盲肠癌,has_var,PTEN-p.R173C
PTPRD-p.K1102M,has_gene,PTPRD
POMK-NRG1-结肠腺癌,sensitivity_to,阿法替尼
ALK-p.L1198F;.-ALK-胰腺癌,has_var,ALK-p.L1198F
WX-037,inhibition_to,PIK3CA
PTEN-inact-子宫未分化癌,sensitivity_to,奥拉帕利
EGFR-p.E709A;EGFR-p.G719A-非粘液性肺腺癌,sensitivity_to,阿法替尼
EGFR-p.T790M-肺腺癌,has_var,EGFR-p.T790M
ALK-p.L1198F;.-ALK-星形细胞瘤,originated_from,星形细胞瘤
托泊替康,treatment,卵巢癌
VMD-928,inhibition_to,NTRK1
ROS1-p.L2026M-肺淋巴上皮瘤样癌,has_var,ROS1-p.L2026M
NRAS-wildtype;KRAS-wildtype;BRAF-wildtype-结直肠腺癌,sensitivity_to,西妥昔单抗
AIRE-p.D41E,has_gene,AIRE
CTR20190329,include_a,腹膜癌
曲妥珠单抗（HLX02）,treatment,胃癌
PIK3CA-p.H1047R-卵巢透明细胞肿瘤,has_var,PIK3CA-p.H1047R
EGFR-p.E709A;EGFR-p.G719A-肺基底细胞样大细胞癌,sensitivity_to,阿法替尼
HRAS,positive_regulated,MAP2K2
Baller-Gerold综合征,develop_to,淋巴癌
FGFR2-TACC3-胆管癌,sensitivity_to,ponatinib
胃癌,is_a,胃癌
ALK-p.L1196M-分化差的非小细胞肺癌,has_var,ALK-p.L1196M
ALK-p.L1198F;.-ALK-乳腺癌,has_var,ALK-p.L1198F
NCT04231981,include_a,阴茎癌
TP53-inact-Brenner肿瘤,sensitivity_to,APR-246
ALK-p.G1202R;.-ALK-小细胞肺癌,has_var,ALK-p.G1202R
Alagille综合征,develop_to,肝癌
NTRK1-p.G667C-原位结肠腺癌,resistance_to,恩曲替尼
PLB1003,inhibition_to,ALK
NBEA-p.A2614T,has_gene,NBEA
KIT-exon9act-软组织肿瘤,sensitivity_to,舒尼替尼
博来霉素,treatment,阴茎癌
BRAF-p.D594N-子宫平滑肌肉瘤,originated_from,子宫平滑肌肉瘤
EGFR-p.E709A;EGFR-p.G719A-鳞状非小细胞肺癌,sensitivity_to,阿法替尼
BRAF-p.D594G-直肠癌,has_var,BRAF-p.D594G
ALK-p.L1196M;.-ALK-黑色素瘤,has_var,.-ALK
ALK-p.F1245C-巨细胞肺癌,sensitivity_to,塞瑞替尼
ODM-203,inhibition_to,FGFR3
FLT3-p.I836D-骨髓瘤,resistance_to,索拉非尼
恩沙替尼,inhibition_to,ALK
阿替利珠单抗,treatment,非小细胞肺癌
ALK-p.L1198F;.-ALK-宫颈内腺癌,has_var,ALK-p.L1198F
BRAF-p.G469V-肺透明细胞癌,has_var,BRAF-p.G469V
EGFR-p.L861R;EGFR-p.G719A-甲状腺癌,originated_from,甲状腺癌
FGFR2-CLIP1-炎性肌纤维母细胞瘤,originated_from,炎性肌纤维母细胞瘤
BRAF-p.G466V-巨细胞肺癌,resistance_to,维莫非尼
奥拉帕利,treatment,输卵管癌
CSF1R-p.Y546_K551del-卵巢癌,has_var,CSF1R-p.Y546_K551del
rociletinib,inhibition_to,EGFR
ALK-p.C1156Y;.-ALK-血管瘤样纤维组织细胞瘤,originated_from,血管瘤样纤维组织细胞瘤
MET-skipping_mut;MET-p.D1228N-宫颈癌,has_var,MET-p.D1228N
GTF2I,driving_to,肛门癌
ALK-p.L1196M;.-ALK-肺癌,originated_from,肺癌
ALK-p.I1171T-肺癌,has_var,ALK-p.I1171T
FLT3-p.F691L-急性巨核细胞白血病,has_var,FLT3-p.F691L
PTPRD-p.T1086K,has_gene,PTPRD
CSF1R-p.Y546_K551del-食管癌,has_var,CSF1R-p.Y546_K551del
BRAF-p.V600E-高分化甲状腺癌,sensitivity_to,selumetinib
CTR20221452,include_a,非小细胞肺癌
KIF5B-RET;EGFR-p.L858R-肺淋巴上皮瘤样癌,originated_from,肺淋巴上皮瘤样癌
EGFR-p.E709_T710delinsD-肺腺癌,has_var,EGFR-p.E709_T710delinsD
帕博利珠单抗,treatment,食管癌
EGFR-p.E709A;EGFR-p.G719A-肺涎腺型肿瘤,has_var,EGFR-p.G719A
plx7904,inhibition_to,BRAF
EGFR-p.L861R;EGFR-p.R776G-肺癌,has_var,EGFR-p.R776G
MAP2K1-p.C121S;BRAF-p.V600E-Spitz样黑色素瘤,has_var,MAP2K1-p.C121S
RUNX1T1,negative_regulated,CEBPA
FBXW7,driving_to,毛细胞型星形细胞瘤
FGFR2-p.E566G-胰腺囊性肿瘤,has_var,FGFR2-p.E566G
CSF1R-p.W450_E456del-乳头肿瘤,has_var,CSF1R-p.W450_E456del
PIK3CA-act-子宫肿瘤,sensitivity_to,alpelisib
FGFR1,synthetic_lethality,ABL1
EGFR-p.L858R;CTNNB1-act;EGFR-p.E709-非小细胞肺癌,sensitivity_to,阿法替尼
ERBB2-Amp;ERBB2-p.E401G-乳腺癌,originated_from,乳腺癌
CSF1R-p.Y546_K551del-肺腺癌,originated_from,肺腺癌
RET-p.M918T-甲状腺癌,sensitivity_to,依维莫司
FGFR2-Amp-肝内胆管癌,sensitivity_to,infigratinib
NCT02186847,include_a,原发灶不明癌
NF1,driving_to,低级别神经胶质瘤
培唑帕尼,inhibition_to,FGFR1
ALK-p.G1202R;.-ALK-血管瘤样纤维组织细胞瘤,has_var,.-ALK
ALK-p.L1196M;.-ALK-胰腺癌,originated_from,胰腺癌
MET-skipping_mut;MET-p.L1195V-卵巢癌,has_var,MET-p.L1195V
放线菌素D,treatment,尤文氏肉瘤
MAP2K1-p.Q56_V60del-卵巢浆液性癌,sensitivity_to,selumetinib
JAK2-p.V617F-食管癌,has_var,JAK2-p.V617F
ROS1,is_a,ROS1
FGFR2-CLIP1-T淋巴细胞白血病/淋巴瘤,originated_from,T淋巴细胞白血病/淋巴瘤
BRAF-p.V600E-食管/胃癌,sensitivity_to,维莫非尼
EGFR-p.A750E,has_gene,EGFR
NBEA-p.E2486K,has_gene,NBEA
RET-p.M918T-甲状腺癌,sensitivity_to,索拉非尼
NCT00955929,include_a,阴茎癌
MET-p.D1230N-巨细胞肺癌,originated_from,巨细胞肺癌
BRAF-p.V600M;BRAF-p.V600E-恶性雀斑样痣黑色素瘤,has_var,BRAF-p.V600M
PLAG1-p.T28S,has_gene,PLAG1
BRAF-p.G466V-肺鳞状细胞癌,resistance_to,维莫非尼
PTEN-p.R173C;BRAF-p.V600E-结肠腺癌,has_var,PTEN-p.R173C
BRAF,driving_to,胶质母细胞瘤
PTPRD-p.W1729C,has_gene,PTPRD
ALK-p.G1202R;.-ALK-软组织肿瘤,originated_from,软组织肿瘤
BRAF-p.G469R-肺癌,sensitivity_to,索拉非尼
MAP2K1-p.C121S;BRAF-p.V600E-恶性雀斑样痣黑色素瘤,originated_from,恶性雀斑样痣黑色素瘤
FBXW7,driving_to,鼻咽癌
EGFR-p.S768I;EGFR-p.V774M-肺涎腺型肿瘤,has_var,EGFR-p.V774M
VHL-p.T133N-肾嫌色细胞癌,has_var,VHL-p.T133N
EGFR-p.V834L;EGFR-p.L858R-非鳞状非小细胞肺癌,has_var,EGFR-p.V834L
ALK-p.V1180L;.-ALK-肺多形性癌,sensitivity_to,布格替尼
RB1-p.H483Y-乳腺癌,resistance_to,哌柏西利
ALK-p.L1198F;.-ALK-肝癌,has_var,ALK-p.L1198F
CSF1R-p.W450_E456del-肺癌,has_var,CSF1R-p.W450_E456del
BRAF-p.V600M;BRAF-p.V600E-促结缔组织增生性黑色素瘤,has_var,BRAF-p.V600E
EGFR-p.T790M-肺多形性癌,sensitivity_to,U3-1402
伊匹木单抗,treatment,肾细胞癌
CSF1R-p.W450_E456del-肾癌,has_var,CSF1R-p.W450_E456del
VHL-inact-非透明细胞肾癌,sensitivity_to,贝伐珠单抗
达拉非尼,is_a,达拉非尼
FGFR2-SKI-血管瘤样纤维组织细胞瘤,has_var,FGFR2-SKI
BRAF-p.G469V-肺透明细胞癌,sensitivity_to,索拉非尼
泊马度胺,treatment,骨髓瘤
FGFR2-TACC3-腺泡状横纹肌肉瘤,originated_from,腺泡状横纹肌肉瘤
FGFR2-p.F276C-胆管癌,sensitivity_to,培唑帕尼
PIK3CA-p.W1051*-子宫神经内分泌癌,sensitivity_to,依维莫司
ALK-p.G1269A;.-ALK-肺原位腺癌,has_var,ALK-p.G1269A
MAP2K1-p.L98_K104delinsQ-组织细胞和树突状细胞肿瘤,has_var,MAP2K1-p.L98_K104delinsQ
BRAF,driving_to,肺腺癌
MAP2K1-p.C121S;BRAF-p.V600E-皮肤黑色素瘤,originated_from,皮肤黑色素瘤
CTR20171512,include_a,腹膜癌
NRAS-act-皮肤癌,sensitivity_to,binimetinib
ALK-p.L1198F;.-ALK-炎性肌纤维母细胞瘤,originated_from,炎性肌纤维母细胞瘤
KIT-p.D816V-巨细胞肺癌,has_var,KIT-p.D816V
半乳糖血症,develop_to,肝癌
NSD1,is_a,NSD1
ponatinib,inhibition_to,ABL1
NRAS-p.Q61-原发灶不明黑色素瘤,sensitivity_to,RO5126766
PTPRD-p.R1181L,has_gene,PTPRD
牙关紧闭假屈曲指综合征,develop_to,心脏粘液瘤
Denys-Drash综合征,develop_to,睾丸癌
KIT-p.Y823D-软组织肿瘤,sensitivity_to,尼洛替尼
PIK3CA-act-子宫内膜样癌,sensitivity_to,apitolisib
MET-p.D1230N-鞍区肿瘤,has_var,MET-p.D1230N
埃克替尼,inhibition_to,EGFR
FGFR2-SKI-胰腺神经内分泌瘤,originated_from,胰腺神经内分泌瘤
ALK-p.L1198F;.-ALK-食管癌,originated_from,食管癌
ALK-p.C1156Y;.-ALK-胰腺神经内分泌瘤,originated_from,胰腺神经内分泌瘤
依维莫司,treatment,胰腺神经内分泌瘤
ALK-p.G1202R;.-ALK-皮肤癌,has_var,.-ALK
BRAF-p.V600M;BRAF-p.V600E-恶性雀斑样痣黑色素瘤,has_var,BRAF-p.V600E
BRAF-p.G606E-盆腔肿瘤,has_var,BRAF-p.G606E
FGFR2-SKI-T淋巴细胞白血病/淋巴瘤,has_var,FGFR2-SKI
BRAF-p.G469V-肺多形性癌,sensitivity_to,索拉非尼
CTR20212727,include_a,食管腺癌
CTR20150626,include_a,胰腺癌
ALK-p.L1196M;.-ALK-乳腺癌,originated_from,乳腺癌
TCF7L2,driving_to,子宫内膜癌
BPR1J373,inhibition_to,RET
Bloom综合征,develop_to,结直肠癌
KIT-exon11act-软组织肿瘤,sensitivity_to,伊马替尼
尼拉帕利,treatment,输卵管癌
BRAF-p.G469V-肺涎腺型肿瘤,has_var,BRAF-p.G469V
BRAF-p.G606E-胸膜癌,has_var,BRAF-p.G606E
FGFR2-p.E566G-盆腔肿瘤,has_var,FGFR2-p.E566G
MET-skipping_mut;MET-p.L1195V-胰腺癌,has_var,MET-p.L1195V
BRAF-p.G606E-巨细胞肺癌,originated_from,巨细胞肺癌
BRAF-p.T599K-乳腺实性乳头状癌,originated_from,乳腺实性乳头状癌
TP53-inact-Brenner肿瘤，恶性,sensitivity_to,APR-246
FGFR2-CLIP1-腺泡状横纹肌肉瘤,originated_from,腺泡状横纹肌肉瘤
FGFR1-p.Q337H,has_gene,FGFR1
PIK3CA-p.W1051*-子宫神经内分泌癌,has_var,PIK3CA-p.W1051*
MET-p.D1230N-胸膜癌,originated_from,胸膜癌
德曲妥珠单抗,inhibition_to,ERBB2
JAK2-p.V617F-宫颈内腺癌,has_var,JAK2-p.V617F
RO5126766,inhibition_to,BRAF
PRKAR1A,driving_to,肾上腺皮质癌
BRAF-p.D594N-原发性骨髓纤维化,originated_from,原发性骨髓纤维化
RO5212054,inhibition_to,BRAF
PIK3CA-p.W1051*-子宫腺鳞癌,sensitivity_to,依维莫司
MET-skipping_mut;MET-p.D1228N-甲状腺癌,originated_from,甲状腺癌
eluvixtamab,inhibition_to,CD3E
EGFR-exon19del;KIF5B-RET-肺淋巴上皮瘤样癌,has_var,KIF5B-RET
BRAF-p.G469V-肺基底细胞样大细胞癌,sensitivity_to,索拉非尼
CTR20221453,include_a,前列腺癌
瑞戈非尼,inhibition_to,FGFR3
FBXW7,driving_to,宫颈鳞状细胞癌
EGFR-p.E709A;EGFR-p.G719A-鳞状非小细胞肺癌,has_var,EGFR-p.G719A
ERBB2-Amp;ERBB2-p.E401G-肝癌,has_var,ERBB2-p.E401G
BRAF,synthetic_lethality,EGFR
PGR-High_exp;ERBB2-Low_exp;PIK3CA-p.H1047R;ESR1-High_exp-乳腺癌(HR阳性，HER2阴性),has_var,PIK3CA-p.H1047R
ALK-p.G1202R;.-ALK-软组织肿瘤,has_var,.-ALK
BRAF-p.G606E-巨细胞肺癌,has_var,BRAF-p.G606E
ALK-p.V1180L;.-ALK-肺腺鳞癌,sensitivity_to,布格替尼
FGFR3-TACC3-腺泡状横纹肌肉瘤,has_var,FGFR3-TACC3
ALK-p.L1198F;.-ALK-肺癌,has_var,ALK-p.L1198F
EGFR-p.V834L;EGFR-p.L858R-肺鳞状细胞癌,originated_from,肺鳞状细胞癌
FGFR2-TACC3-盆腔肿瘤,has_var,FGFR2-TACC3
Li-Fraumeni综合征,develop_to,血液肿瘤
吉非替尼,inhibition_to,ERBB2
ERBB2,driving_to,膀胱癌
ALK-p.L1196M;.-ALK-肝癌,has_var,ALK-p.L1196M
FGFR2-act-肝门部胆管癌,sensitivity_to,infigratinib
CSF1R-p.W450_E456del-食管癌,originated_from,食管癌
CTR20140851,include_a,肺癌
MAP2K1-p.C121S;BRAF-p.V600E-恶性雀斑样痣黑色素瘤,has_var,MAP2K1-p.C121S
ZFHX3-p.A1861G,has_gene,ZFHX3
EGFR-p.E709V;EGFR-p.L858R-肺基底细胞样大细胞癌,has_var,EGFR-p.E709V
JAK2-p.V617F-肺腺癌,has_var,JAK2-p.V617F
FGFR2-SHTN1-胰腺神经内分泌瘤,originated_from,胰腺神经内分泌瘤
CTR20201949,include_a,阴茎癌
CSF1R-p.Y546_K551del-子宫内膜癌,has_var,CSF1R-p.Y546_K551del
ALK-p.L1196M;.-ALK-肝癌,originated_from,肝癌
BRAF-p.D594N-巨细胞肺癌,originated_from,巨细胞肺癌
EGFR,driving_to,高级别胶质瘤，非特定
PBA2,inhibition_to,GSK3B
ALK-p.L1198F;.-ALK-血管瘤样纤维组织细胞瘤,originated_from,血管瘤样纤维组织细胞瘤
ALK-p.L1196M;.-ALK-盆腔肿瘤,has_var,.-ALK
ERBB2-p.S310Y-非小细胞肺癌,sensitivity_to,阿法替尼
培唑帕尼,is_a,培唑帕尼
AKT1-p.Q352R,has_gene,AKT1
普拉替尼,treatment,甲状腺癌
KIT-p.K642E-软组织肿瘤,sensitivity_to,伊马替尼
EZH2-p.A682G-淋巴瘤,originated_from,淋巴瘤
BRAF-p.V600-分化差的非小细胞肺癌,sensitivity_to,ulixertinib
神经鞘瘤病,develop_to,施万细胞瘤)
BB-1701,inhibition_to,ERBB2
EGFR-p.S768I;EGFR-p.V774M-肺纤毛黏液结节性乳头状肿瘤,has_var,EGFR-p.S768I
KRAS-p.G12C-结直肠腺癌,sensitivity_to,sotorasib
ALK-p.L1196M;.-ALK-皮肤癌,originated_from,皮肤癌
MAP2K1-p.Q56_V60del-卵巢上皮肿瘤,has_var,MAP2K1-p.Q56_V60del
神经鞘瘤病,develop_to,神经鞘膜瘤
BRAF-p.Y472C-肺透明细胞癌,sensitivity_to,达沙替尼
FGFR2-SHTN1-盆腔肿瘤,has_var,FGFR2-SHTN1
FGFR2-.-肝外胆管癌,sensitivity_to,infigratinib
PCDH17-p.M955T,has_gene,PCDH17
ERBB2-p.Y772_A775dup-分化差的非小细胞肺癌,sensitivity_to,吡咯替尼
MAP2K1-p.C121S;BRAF-p.V600E-肢端黑色素瘤,has_var,MAP2K1-p.C121S
PTEN-p.R173C;BRAF-p.V600E-直肠腺癌,originated_from,直肠腺癌
NBEA-p.A529T,has_gene,NBEA
FGFR2-p.P253R-头颈部肿瘤,sensitivity_to,培唑帕尼
ALK-p.V1180L;.-ALK-肺涎腺型肿瘤,has_var,ALK-p.V1180L
CSF1R-p.E554K,has_gene,CSF1R
CTR20140308,include_a,肝癌
PLAG1-p.L421S,has_gene,PLAG1
ERBB2-p.Y772_A775dup-鳞状非小细胞肺癌,sensitivity_to,poziotinib
BRAF-p.G606E-胰腺囊性肿瘤,has_var,BRAF-p.G606E
NCT03771508,include_a,小肠癌
CTR20201543,include_a,肺癌
ERBB2,driving_to,结直肠腺癌
NCT00040859,include_a,原发灶不明癌
TRC253,inhibition_to,AR
ALK-p.C1156Y;.-ALK-T淋巴细胞白血病/淋巴瘤,has_var,.-ALK
EGFR,driving_to,非小细胞肺癌
CTR20221658,include_a,非小细胞肺癌
ARID1A,driving_to,低级别神经胶质瘤
PDGFRA-p.N659K-鞍区肿瘤,has_var,PDGFRA-p.N659K
BRAF-p.T599K-乳腺导管/小叶混合型癌,originated_from,乳腺导管/小叶混合型癌
vinflunine,treatment,膀胱尿路上皮癌
KIT-p.V654A-软组织肿瘤,sensitivity_to,瑞戈非尼
EGFR-p.T790M-肺透明细胞癌,sensitivity_to,U3-1402
EGFR-p.A767_V769dup-鳞状非小细胞肺癌,sensitivity_to,奥希替尼
PTPRD-p.P1329Q,has_gene,PTPRD
KRAS-wildtype;BRAF-p.V600E-胰腺癌,sensitivity_to,维莫非尼
EGFR-p.C240F,has_gene,EGFR
AKT1-p.P125S,has_gene,AKT1
EGFR-p.L861R;EGFR-p.G719A-乳腺癌,has_var,EGFR-p.L861R
JAK2-p.V617F-甲状腺癌,has_var,JAK2-p.V617F
FGFR2-CLIP1-胰腺神经内分泌瘤,originated_from,胰腺神经内分泌瘤
CTR20130586,include_a,肺癌
temsirolimus,treatment,肾细胞癌
小儿巨脑畸形综合征,develop_to,肾上腺神经节细胞瘤
ALK-p.C1156Y;.-ALK-盆腔肿瘤,has_var,.-ALK
PD-173074,inhibition_to,FGFR3
NRAS,positive_regulated,BRAF
达沙替尼,inhibition_to,PDGFRA
APC,positive_regulated,TCF7L2
NRAS-p.G12-皮肤癌,sensitivity_to,仑伐替尼
NF1,driving_to,胆管癌
EGFR-p.E709A;EGFR-p.G719A-肺多形性癌,has_var,EGFR-p.G719A
Bloom综合征,develop_to,宫颈癌
ERBB2-Amp;ERBB2-p.E401G-食管癌,has_var,ERBB2-p.E401G
vismodegib,inhibition_to,SMO
NCT03435952,include_a,口腔癌
MAP2K1-p.C121S;BRAF-p.V600E-皮肤癌,has_var,MAP2K1-p.C121S
.-FGFR1-皮肤癌,has_var,.-FGFR1
ALK-p.I1171T-肺腺样囊性癌,has_var,ALK-p.I1171T
WT1,cause_to,Denys-Drash综合征
PLAG1-p.L9F,has_gene,PLAG1
BRAF-p.Y472C-肺纤毛黏液结节性乳头状肿瘤,has_var,BRAF-p.Y472C
repotrectinib,inhibition_to,NTRK1
EGFR-p.L861R;EGFR-p.R776G-非小细胞肺癌,sensitivity_to,阿法替尼
EGFR-p.T790M-肺纤毛黏液结节性乳头状肿瘤,has_var,EGFR-p.T790M
EGFR-p.L861R;EGFR-p.G719A-肾癌,has_var,EGFR-p.L861R
cabozantinib,treatment,肾细胞癌
act-d,is_a,放线菌素D
卡替洛尔,inhibition_to,ADRB1
SU5402,inhibition_to,FGFR3
.-FGFR1-腺泡状横纹肌肉瘤,has_var,.-FGFR1
NRAS-p.Q61-促结缔组织增生性黑色素瘤,sensitivity_to,RO5126766
CTR20190652,include_a,腹膜癌
放线菌素D,treatment,癌症
